OSM_ID,f1,f2,f3,f4,f5,f6,f7,f8,f9,f10,f11,f12,f13,f14,housing_safety_score,household_id,income,isTrained,motivation
340554306.0,1,0,1,1,0,0,0,1,1,0,1,0,0,1,7,1,2284,0,3
344328171.0,1,1,1,1,0,0,1,1,0,0,1,0,1,0,8,2,2804,0,2
1061705932.0,1,0,0,1,0,0,0,1,1,1,0,1,0,1,7,3,2453,0,3
340429999.0,1,0,1,1,0,1,1,0,1,1,0,0,1,0,8,4,2935,0,2
341571519.0,0,0,1,1,1,1,1,0,1,0,1,1,1,1,10,5,2655,0,3
340429985.0,1,1,1,1,0,0,1,1,1,0,0,0,0,0,7,6,2751,0,3
954519969.0,1,1,0,1,1,1,1,1,1,0,1,0,1,1,11,7,2213,0,2
344328169.0,0,0,1,1,1,0,0,0,1,1,0,0,1,0,6,8,2615,0,3
341098994.0,1,0,1,1,0,1,0,0,1,1,0,0,1,1,8,9,2370,0,1
341448032.0,1,0,0,1,1,0,0,1,1,1,1,0,0,1,8,10,2434,0,1
969973740.0,1,1,1,0,1,0,1,1,1,0,1,0,0,0,8,11,2245,0,1
954519975.0,0,0,1,1,0,1,1,0,1,1,0,1,1,0,8,12,2346,0,1
341099228.0,1,1,1,1,0,1,1,0,1,0,0,1,1,0,9,13,2324,0,1
954519995.0,0,0,0,0,0,0,1,1,1,0,1,0,1,0,5,14,2233,0,1
340902001.0,1,1,1,0,1,1,1,1,1,1,1,0,1,0,11,15,2290,0,1
340926522.0,1,1,0,1,0,1,1,0,1,0,1,0,1,1,9,16,2091,0,3
340433089.0,1,0,1,0,1,0,0,0,1,0,1,0,0,0,5,17,2843,0,2
341273232.0,1,1,1,1,0,1,1,1,0,0,1,0,0,0,8,18,2321,0,1
341109200.0,0,1,0,1,1,0,1,1,0,0,0,0,1,0,6,19,2474,0,1
344320580.0,1,1,0,1,1,1,0,0,0,0,1,1,1,1,9,20,2970,0,2
969561538.0,0,1,1,1,0,0,1,1,1,0,1,0,0,1,8,21,2767,0,2
340901988.0,0,0,0,0,0,0,1,1,1,0,1,1,1,0,6,22,2858,0,3
340892007.0,1,0,0,0,1,0,0,1,0,0,1,0,1,1,6,23,2764,0,2
966471808.0,0,1,1,1,0,1,1,1,0,0,0,0,1,1,8,24,2251,0,2
341617937.0,0,0,0,1,0,0,1,0,0,0,1,1,1,0,5,25,2078,0,2
341102699.0,0,0,1,0,1,0,0,1,0,0,1,1,1,0,6,26,2201,0,2
340431124.0,0,0,0,0,0,0,1,0,1,0,1,0,1,1,5,27,2277,0,3
340938588.0,0,0,1,0,1,1,0,1,1,0,1,1,1,0,8,28,2697,0,2
341544860.0,0,0,1,0,1,0,0,1,1,0,0,1,1,1,7,29,2688,0,1
340431185.0,1,1,1,1,1,0,0,1,1,0,0,1,0,0,8,30,2484,0,1
340430007.0,1,1,1,1,1,1,0,1,0,0,1,0,0,0,8,31,2464,0,2
1061927269.0,0,0,1,1,0,0,1,1,0,1,0,1,1,0,7,32,2790,0,2
340890967.0,0,1,0,0,1,0,1,1,0,0,0,1,0,0,5,33,2478,0,1
340433041.0,0,0,1,0,1,1,1,1,0,1,1,1,0,0,8,34,2999,0,2
1061705962.0,0,1,0,1,0,0,0,1,1,0,0,0,1,0,5,35,2390,0,2
341121110.0,1,1,1,1,0,0,1,0,0,1,1,1,1,0,9,36,2144,0,2
341103368.0,1,0,1,0,1,1,0,1,1,0,0,1,0,0,7,37,2987,0,2
1138280838.0,1,1,1,1,1,1,0,1,0,1,1,1,0,0,10,38,2761,0,1
949125522.0,0,0,0,1,0,0,0,1,1,1,0,1,0,1,6,39,2843,0,3
340925311.0,1,0,1,0,1,1,0,1,0,0,0,1,1,1,8,40,2810,0,2
341103373.0,1,1,0,0,0,0,1,0,1,0,0,0,0,1,5,41,2564,0,2
341099232.0,1,0,0,1,1,0,1,0,1,1,0,1,1,1,9,42,2977,0,3
340433065.0,0,1,0,1,0,1,1,0,0,1,0,1,0,0,6,43,2629,0,3
340902010.0,1,0,0,1,0,0,0,0,0,0,0,1,1,0,4,44,2599,0,1
341121112.0,1,1,1,1,1,1,0,0,1,0,0,1,1,0,9,45,2610,0,2
954520001.0,1,0,1,1,0,1,0,0,0,0,0,1,1,0,6,46,2837,0,3
1061706020.0,0,1,0,0,1,1,1,0,1,0,1,0,1,1,8,47,2408,0,1
344315206.0,1,1,1,1,0,1,0,1,0,1,1,1,1,0,10,48,2284,0,1
341122517.0,1,1,1,1,1,1,0,0,0,0,0,0,0,1,7,49,2478,0,2
341099263.0,0,1,1,0,1,0,0,1,1,1,0,0,1,1,8,50,2933,0,3
341116376.0,1,1,0,0,0,0,0,1,1,1,0,1,1,1,8,51,2160,0,1
340939001.0,1,1,0,1,0,1,1,0,1,1,1,1,0,1,10,52,2180,0,3
340902000.0,0,0,1,1,0,0,1,1,1,1,1,1,0,0,8,53,2993,0,1
340939005.0,1,0,0,0,0,1,0,1,0,1,1,0,1,1,7,54,2352,0,1
1043640081.0,1,0,1,0,0,0,0,1,1,0,1,0,1,0,6,55,2008,0,1
341544849.0,0,1,0,0,1,1,1,1,1,1,0,0,0,1,8,56,2551,0,2
340431652.0,1,0,1,0,1,1,1,1,0,1,1,0,1,0,9,57,2461,0,2
1061706057.0,1,0,1,1,1,1,0,1,0,1,0,1,1,0,9,58,2041,0,2
341105247.0,1,0,1,0,0,0,1,0,0,1,0,1,0,1,6,59,2433,0,1
340432930.0,1,1,1,0,0,1,1,1,1,1,0,0,1,1,10,60,2680,0,3
341088077.0,1,1,0,1,1,0,1,0,0,1,0,1,1,1,9,61,2763,0,3
341122519.0,0,0,1,1,1,1,0,0,1,1,1,1,0,0,8,62,2000,0,1
341088105.0,0,0,0,1,1,0,0,1,0,0,1,1,1,1,7,63,2672,0,2
954519987.0,1,1,1,0,1,0,1,0,0,0,1,1,1,1,9,64,2327,0,3
969973766.0,1,0,1,0,1,1,1,1,1,0,1,1,1,1,11,65,2395,0,2
1098717490.0,0,1,0,0,1,0,0,1,0,0,0,1,0,1,5,66,2846,0,2
341387641.0,0,0,1,0,1,1,0,0,1,1,0,1,1,1,8,67,2203,0,1
340939003.0,0,0,0,0,0,1,1,0,1,1,0,0,1,1,6,68,2954,0,3
341102705.0,0,1,1,0,1,1,1,1,0,1,1,1,0,1,10,69,2308,0,2
969973769.0,0,0,1,0,0,1,1,1,1,1,0,1,1,0,8,70,2537,0,3
341199225.0,1,1,1,0,0,0,1,1,1,0,1,0,1,0,8,71,2653,0,3
969561589.0,1,1,0,0,0,0,1,0,0,1,0,0,0,1,5,72,2689,0,1
340902015.0,0,1,1,0,1,1,1,0,0,1,1,0,1,1,9,73,2247,0,2
340429961.0,1,1,1,0,1,0,1,1,1,0,1,0,1,0,9,74,2013,0,3
341086529.0,1,1,1,1,0,1,0,0,1,0,1,0,1,1,9,75,2615,0,1
340925297.0,1,1,1,0,0,1,1,1,1,1,1,0,1,1,11,76,2658,0,2
341121105.0,0,1,1,0,0,0,1,1,1,1,1,1,1,1,10,77,2003,0,3
1098717494.0,0,1,1,0,0,1,1,1,1,1,0,0,1,0,8,78,2157,0,1
343312054.0,1,1,1,0,1,1,1,0,0,1,0,1,0,0,8,79,2831,0,1
340432964.0,1,0,0,1,1,0,1,0,0,0,1,0,1,0,6,80,2464,0,3
970170441.0,0,1,1,0,1,0,0,0,1,1,0,0,1,1,7,81,2853,0,1
341287212.0,1,1,0,0,1,0,1,0,0,0,0,0,1,1,6,82,2310,0,1
954519990.0,1,1,1,0,0,0,0,0,1,0,1,0,0,0,5,83,2321,0,3
340431165.0,0,1,1,0,0,1,1,0,0,1,0,0,1,0,6,84,2049,0,1
340431175.0,1,1,1,0,1,1,0,1,1,0,1,0,0,1,9,85,2309,0,3
969561573.0,0,1,1,0,1,0,1,1,0,1,1,1,0,1,9,86,2929,0,3
340925277.0,0,0,1,0,1,0,0,0,1,1,1,0,1,0,6,87,2778,0,1
340938532.0,0,1,0,0,0,1,1,0,1,1,1,1,0,0,7,88,2014,0,2
340890965.0,0,0,0,1,0,0,1,0,0,1,1,1,1,1,7,89,2044,0,3
954519992.0,0,0,0,1,1,1,1,1,0,0,1,1,0,1,8,90,2295,0,3
948882445.0,1,1,0,0,1,1,0,0,0,1,0,0,1,0,6,91,2306,0,2
340925319.0,1,1,0,0,0,0,0,1,1,0,0,1,1,0,6,92,2220,1,2
340554303.0,1,0,0,0,1,1,1,1,0,1,0,0,0,0,6,93,2860,0,3
954519989.0,1,1,1,1,1,0,1,0,1,1,0,1,0,1,10,94,2314,0,3
344328170.0,1,1,0,1,1,0,0,1,0,0,0,1,1,0,7,95,2301,0,2
1061705987.0,1,0,0,0,1,0,0,1,0,1,1,0,1,1,7,96,2878,0,1
954520028.0,1,1,1,0,0,0,1,0,0,1,1,1,1,0,8,97,2139,0,1
969561570.0,0,0,1,0,1,1,0,1,1,0,1,0,0,0,6,98,2029,0,2
340925321.0,1,1,1,1,0,1,1,1,0,0,0,0,1,1,9,99,2512,0,3
343772936.0,0,1,1,0,0,1,1,0,1,0,1,0,0,1,7,100,2263,0,3
340607136.0,0,1,0,1,1,0,0,0,0,0,0,0,0,0,3,101,2566,0,1
341319732.0,1,1,0,1,1,0,0,0,1,0,1,1,1,1,9,102,2421,0,1
340430003.0,1,0,0,0,0,1,0,0,1,1,0,1,1,0,6,103,2718,0,3
341088097.0,1,0,0,1,0,0,1,1,0,0,0,1,0,1,6,104,2998,0,1
340902066.0,0,0,1,0,0,1,0,0,0,0,1,1,1,0,5,105,2807,0,2
340430012.0,1,0,1,1,0,1,1,0,1,1,0,0,0,1,8,106,2134,0,3
340431176.0,0,1,0,1,0,1,1,0,0,0,0,0,1,0,5,107,2884,0,2
341104027.0,1,1,1,1,0,1,0,1,0,0,0,0,0,0,6,108,2413,0,3
340432921.0,1,0,1,0,1,1,1,0,1,0,1,1,1,0,9,109,2321,0,3
340433012.0,0,1,1,1,0,0,1,0,1,0,0,1,1,0,7,110,2946,0,1
954520029.0,0,1,1,0,0,1,0,1,1,0,1,0,1,0,7,111,2321,0,1
340432980.0,0,1,0,0,0,0,0,1,1,1,1,1,1,0,7,112,2267,0,1
341199223.0,0,1,1,1,0,1,0,0,0,1,1,0,0,1,7,113,2818,0,2
969273956.0,1,1,0,1,0,1,0,0,0,1,0,1,1,1,8,114,2316,0,3
340433020.0,1,1,1,1,0,0,0,1,1,0,0,0,1,0,7,115,2505,0,1
340432927.0,1,0,1,1,0,0,0,1,1,1,1,0,0,1,8,116,2042,0,3
341121106.0,0,1,0,0,0,0,0,0,1,1,0,0,0,0,3,117,2251,0,1
340938572.0,1,1,0,0,1,0,1,0,1,0,0,1,0,0,6,118,2514,0,2
970172728.0,1,1,0,0,1,1,1,1,1,1,0,0,1,0,9,119,2714,0,2
948719089.0,0,0,1,1,1,0,1,0,0,1,1,0,1,1,8,120,2232,0,2
340890896.0,1,1,1,0,0,1,0,1,1,0,1,1,1,0,9,121,2205,0,1
1058759288.0,0,0,0,0,0,0,0,1,0,0,1,1,0,0,3,122,2143,0,3
341101413.0,1,0,1,1,0,0,1,0,1,0,1,0,0,1,7,123,2237,0,2
341102656.0,1,1,0,0,0,1,0,0,1,0,0,0,1,1,6,124,2302,0,1
341108733.0,1,0,1,1,1,0,0,0,1,1,1,1,0,1,9,125,2882,0,3
340938547.0,0,0,0,0,0,1,0,0,1,0,0,0,0,0,2,126,2984,0,3
340938579.0,0,0,0,1,1,0,1,0,1,0,1,1,0,0,6,127,2280,0,1
340902040.0,1,0,0,0,1,1,1,0,0,1,1,1,1,0,8,128,2892,0,1
948882446.0,1,0,0,0,1,0,0,1,1,1,0,1,1,0,7,129,2748,0,3
340925328.0,0,0,1,0,0,1,1,1,1,0,0,1,0,1,7,130,2851,0,2
341162600.0,0,1,1,0,0,1,1,1,1,0,1,1,1,1,10,131,2654,0,1
340930856.0,0,1,0,0,0,0,0,1,1,1,1,1,0,1,7,132,2409,0,2
340429991.0,0,0,0,1,0,0,0,0,0,0,1,1,1,0,4,133,2107,0,2
341101406.0,1,0,1,0,1,0,1,1,1,1,1,1,0,0,9,134,2287,0,1
344362095.0,0,0,0,1,0,0,0,1,0,1,0,1,1,1,6,135,2460,0,3
742065608.0,1,1,0,1,1,1,0,0,0,0,1,1,1,1,9,136,2202,0,3
1061705933.0,1,0,0,0,0,0,1,1,0,1,1,1,0,1,7,137,2650,0,2
341174201.0,0,1,0,1,1,0,0,1,1,0,1,0,0,1,7,138,2027,0,1
343772935.0,0,0,0,1,1,1,0,1,1,0,1,0,1,0,7,139,2103,0,1
341121916.0,0,1,1,1,1,0,1,1,0,0,1,0,0,1,8,140,2552,0,1
344327200.0,1,0,0,1,1,1,1,0,0,1,1,1,1,1,10,141,2421,0,3
340930839.0,1,0,1,1,1,1,0,0,1,0,1,1,1,1,10,142,2742,0,1
340926508.0,1,1,0,0,0,1,0,1,1,0,1,0,0,1,7,143,2989,0,2
344315173.0,1,1,0,1,1,1,0,1,1,1,0,1,0,0,9,144,2833,0,1
341073740.0,0,0,1,0,1,1,0,0,1,1,0,1,1,0,7,145,2138,0,2
340938540.0,0,0,1,1,1,1,1,1,0,0,0,1,1,0,8,146,2199,0,2
340430009.0,1,1,0,1,1,0,1,1,1,1,0,0,1,0,9,147,2993,0,1
341105266.0,0,1,0,1,1,0,1,0,0,0,1,1,1,1,8,148,2420,0,3
341199219.0,0,0,1,0,0,1,0,1,1,1,0,1,1,0,7,149,2941,0,2
341101421.0,0,0,1,0,1,0,1,1,1,1,1,0,0,1,8,150,2019,1,1
341617936.0,1,1,1,0,0,0,0,1,0,0,1,1,1,0,7,151,2035,0,1
342243500.0,1,0,1,1,1,1,1,1,0,0,0,1,1,0,9,152,2360,0,2
341101425.0,0,1,1,0,1,1,1,0,0,1,1,1,0,1,9,153,2882,0,2
340554649.0,0,0,0,1,0,0,1,1,1,1,1,0,0,1,7,154,2138,0,2
969561562.0,0,1,0,1,0,0,1,0,0,1,1,1,1,0,7,155,2040,0,3
341268253.0,0,0,0,0,1,1,1,1,0,0,1,0,1,0,6,156,2787,0,1
344315184.0,1,1,1,0,0,1,1,1,0,1,0,1,0,0,8,157,2480,0,3
341106042.0,0,0,0,0,1,0,0,1,0,1,1,0,1,0,5,158,2636,0,3
948719084.0,0,0,1,1,1,1,0,0,0,1,1,0,1,0,7,159,2039,0,1
340431660.0,1,0,0,1,1,1,1,1,0,0,0,0,1,0,7,160,2169,0,3
969561550.0,1,0,1,0,0,0,1,1,0,0,0,0,0,0,4,161,2412,0,2
340432937.0,1,0,1,0,1,1,1,0,0,0,1,0,0,0,6,162,2615,1,3
1061705966.0,1,1,1,0,0,0,0,0,1,1,0,0,1,1,7,163,2489,0,1
341098983.0,1,0,0,1,1,1,0,0,0,0,0,0,1,1,6,164,2338,0,3
342390402.0,1,0,0,1,1,0,1,1,0,0,0,1,0,0,6,165,2924,0,2
341102663.0,0,1,1,0,0,0,1,1,1,0,1,0,1,0,7,166,2204,0,2
340432959.0,0,0,1,1,1,1,0,1,1,0,1,0,1,0,8,167,2720,0,2
340902016.0,0,0,1,0,1,0,0,0,1,0,1,0,1,1,6,168,2740,0,1
340431146.0,1,0,0,0,1,1,1,1,0,0,0,1,1,0,7,169,2600,0,3
970170440.0,1,1,1,1,1,0,1,0,0,1,0,1,0,0,8,170,2407,0,2
341101422.0,0,1,1,1,0,1,0,1,0,0,1,0,1,1,8,171,2266,0,3
340938576.0,0,0,0,0,1,1,1,0,1,0,1,0,0,1,6,172,2352,0,1
969828188.0,0,0,1,1,1,1,1,0,0,0,0,0,0,0,5,173,2282,0,1
340928546.0,0,1,1,0,1,0,0,0,1,0,0,1,1,1,7,174,2499,0,1
340433034.0,0,0,1,1,1,0,0,0,1,0,1,1,1,0,7,175,2471,0,2
342412971.0,0,1,0,0,0,0,1,0,1,0,1,1,0,0,5,176,2115,0,1
342410682.0,1,0,0,1,0,1,1,0,1,0,0,0,0,0,5,177,2190,0,1
970169883.0,1,1,1,1,0,0,1,1,1,1,0,0,1,0,9,178,2422,0,1
340905853.0,1,0,0,0,1,0,1,0,1,1,1,0,0,0,6,179,2009,0,2
341121111.0,1,1,0,1,0,0,1,1,1,0,1,1,0,0,8,180,2007,0,2
341098991.0,0,0,1,1,0,1,0,1,0,0,1,0,0,0,5,181,2079,0,2
340905863.0,1,1,1,0,1,0,0,1,1,1,1,0,0,0,8,182,2926,0,3
340431132.0,0,0,1,1,1,0,1,1,0,0,1,0,0,1,7,183,2996,0,1
948881407.0,0,0,0,1,0,1,0,0,0,1,1,0,0,0,4,184,2522,0,2
340554648.0,1,1,0,0,1,1,1,0,0,0,1,1,1,1,9,185,2904,0,3
341122515.0,1,1,0,0,1,1,0,0,1,0,1,0,0,0,6,186,2182,0,1
966471799.0,0,1,1,1,1,0,1,0,1,1,0,1,0,1,9,187,2027,0,2
343308592.0,0,1,0,1,0,0,1,0,1,1,0,1,1,0,7,188,2460,0,3
966471793.0,0,1,1,1,1,0,1,0,1,0,0,1,1,0,8,189,2495,0,3
340432949.0,1,1,0,0,0,1,1,1,0,0,1,0,0,0,6,190,2397,0,2
342243498.0,0,0,1,0,0,1,0,1,0,0,1,0,1,0,5,191,2471,0,3
340431162.0,1,1,1,1,0,0,0,1,1,1,0,1,0,0,8,192,2746,0,2
340902071.0,1,0,0,0,1,0,0,0,1,1,1,1,1,1,8,193,2592,0,3
949125525.0,0,0,1,1,1,1,1,0,0,1,0,1,1,0,8,194,2913,0,2
341088068.0,1,0,0,1,1,0,1,0,0,1,0,0,1,0,6,195,2855,0,2
340902020.0,1,0,1,1,1,1,0,0,1,0,1,1,1,1,10,196,2326,0,1
341557976.0,1,0,1,1,1,1,0,0,1,1,1,1,0,1,10,197,2180,0,2
340429966.0,1,0,0,0,0,0,1,0,1,0,0,1,1,1,6,198,2153,0,3
1061927270.0,1,1,0,1,0,1,0,1,0,1,0,1,1,1,9,199,2753,0,1
341537195.0,0,0,0,1,1,1,1,1,1,0,1,1,0,1,9,200,2359,0,2
340432944.0,1,1,0,0,1,1,0,1,1,1,0,1,1,0,9,201,2370,0,1
1061706007.0,0,0,0,0,0,1,1,1,1,1,0,0,1,1,7,202,2810,0,1
341105271.0,0,0,0,0,1,1,1,0,1,0,0,0,0,0,4,203,2923,0,1
1025555842.0,0,1,1,1,1,1,0,1,1,0,0,0,1,0,8,204,2608,0,2
340890866.0,0,0,1,0,1,0,0,1,0,0,1,0,1,1,6,205,2434,0,3
340938556.0,1,1,1,0,0,1,1,1,0,0,0,0,1,1,8,206,2882,0,2
1061706022.0,1,1,0,0,1,1,1,0,1,1,1,1,0,1,10,207,2559,0,2
340429995.0,0,1,0,0,1,0,0,0,0,1,0,1,1,0,5,208,2982,0,2
340429956.0,0,1,1,0,0,0,1,0,0,1,1,0,0,1,6,209,2966,0,2
340432976.0,1,0,1,1,0,1,0,1,0,0,1,1,0,1,8,210,2073,0,2
341086523.0,0,1,0,0,0,1,1,1,0,1,0,1,0,1,7,211,2119,0,3
948719090.0,1,0,1,1,0,1,1,0,0,0,1,0,1,1,8,212,2287,0,2
969561566.0,0,0,1,1,0,0,1,1,1,0,0,0,1,1,7,213,2631,0,2
340890871.0,0,1,1,0,1,0,0,0,0,0,0,0,1,0,4,214,2022,0,3
340892673.0,0,0,0,1,0,1,0,0,0,0,0,1,1,0,4,215,2340,0,2
341121103.0,1,0,0,0,0,0,0,0,0,0,0,1,0,0,2,216,2515,0,1
341537194.0,0,1,1,0,1,1,0,1,0,1,0,1,1,1,9,217,2233,0,1
1061705985.0,0,0,1,0,1,1,1,1,1,1,1,0,0,0,8,218,2325,0,1
340930834.0,0,1,0,0,1,1,1,1,1,1,1,1,1,0,10,219,2459,0,2
969561543.0,1,1,1,1,1,1,1,1,1,1,1,0,1,0,12,220,2418,0,2
969973734.0,0,1,0,0,0,0,0,1,0,1,1,0,1,1,6,221,2499,0,3
341102701.0,0,1,1,0,1,1,1,1,1,0,0,0,0,1,8,222,2640,0,2
341081892.0,0,1,1,1,0,1,0,1,0,1,0,0,1,0,7,223,2055,0,3
344315147.0,0,0,0,0,0,0,1,0,1,0,1,0,0,1,4,224,2067,1,3
341086539.0,1,1,0,0,0,1,1,0,0,1,1,1,1,1,9,225,2141,0,3
341542048.0,0,1,1,0,0,0,1,0,1,0,0,0,1,1,6,226,2958,0,2
340429972.0,1,0,1,0,0,0,0,1,1,0,0,0,1,0,5,227,2846,0,3
954519978.0,0,0,1,0,0,1,1,1,0,0,0,0,1,0,5,228,2340,0,1
1061927276.0,1,1,0,0,0,1,1,1,0,1,0,0,1,0,7,229,2901,0,1
970168924.0,0,0,0,0,1,1,1,1,0,1,1,0,1,0,7,230,2667,0,2
340431140.0,0,0,1,1,0,1,0,0,1,1,1,0,0,1,7,231,2480,0,3
948719095.0,1,1,1,1,1,1,1,1,0,0,0,0,1,0,9,232,2884,0,1
1043640082.0,1,1,0,0,1,0,0,0,0,1,0,0,1,1,6,233,2695,0,3
340938589.0,1,1,1,1,0,1,1,1,1,1,0,0,1,0,10,234,2150,0,2
341088101.0,0,1,1,1,0,0,0,1,0,1,0,1,0,0,6,235,2176,0,3
341121092.0,1,1,0,1,1,1,0,0,0,0,0,0,0,0,5,236,2110,0,2
340938551.0,1,0,1,0,1,1,1,1,1,1,1,1,0,0,10,237,2771,0,1
341086563.0,0,0,1,1,0,0,0,0,1,1,0,0,0,1,5,238,2999,0,1
341550889.0,1,1,0,0,1,0,1,0,0,1,0,1,0,1,7,239,2380,0,2
969561536.0,1,1,0,0,1,0,0,0,1,1,0,0,1,0,6,240,2033,0,1
341623821.0,1,1,1,1,0,0,0,1,0,0,0,0,0,0,5,241,2176,0,1
341103376.0,0,1,1,1,1,1,0,1,0,1,0,0,0,0,7,242,2033,0,1
954519970.0,1,0,1,1,1,0,0,1,0,1,0,0,1,1,8,243,2333,0,2
948719091.0,1,0,1,1,1,0,1,1,1,1,0,0,1,1,10,244,2695,0,1
340926521.0,1,1,0,1,0,0,0,1,1,0,1,1,1,0,8,245,2465,0,1
340431147.0,0,0,1,1,1,0,1,1,0,0,1,0,1,1,8,246,2105,0,2
340902008.0,0,1,0,0,1,0,1,1,0,0,0,1,1,1,7,247,2713,0,3
971299803.0,1,0,1,0,1,1,1,1,0,1,0,0,0,0,7,248,2030,0,2
340429977.0,0,1,1,1,0,0,1,0,1,1,0,0,0,0,6,249,2450,0,2
969828185.0,0,1,1,0,1,1,1,1,1,0,0,0,0,0,7,250,2045,0,2
969561547.0,0,1,0,0,1,0,0,0,1,0,1,0,0,0,4,251,2763,0,1
340905914.0,1,1,0,0,1,0,0,0,1,1,1,1,1,0,8,252,2850,0,1
340892689.0,0,1,1,0,1,1,1,0,1,0,1,0,1,0,8,253,2370,0,1
340928539.0,1,1,1,1,0,0,0,0,1,1,0,0,0,1,7,254,2451,0,3
969973737.0,1,1,1,0,0,0,1,1,0,0,1,1,1,0,8,255,2452,0,2
340892690.0,1,0,0,1,1,1,1,0,1,1,1,0,1,1,10,256,2948,0,1
341537193.0,1,1,0,0,0,1,0,0,1,0,0,1,1,0,6,257,2252,0,2
341268275.0,1,0,0,1,1,0,1,0,0,1,0,1,1,1,8,258,2543,0,1
344327193.0,1,0,1,0,1,1,1,1,0,0,0,1,1,0,8,259,2536,0,3
969561527.0,0,0,0,1,0,1,0,1,0,0,0,0,1,0,4,260,2233,0,2
341121108.0,0,0,0,1,1,0,1,0,0,1,0,1,0,1,6,261,2939,0,3
343423957.0,0,1,0,0,0,0,0,0,1,1,1,0,0,1,5,262,2961,0,3
966471790.0,1,0,0,1,1,1,0,0,0,0,1,1,0,1,7,263,2316,0,3
969973759.0,0,0,0,0,1,0,0,1,0,0,0,0,1,0,3,264,2120,0,2
341086586.0,0,0,0,1,1,0,1,0,1,1,0,0,1,0,6,265,2157,0,1
340909944.0,0,1,0,0,0,1,0,0,0,0,1,1,1,1,6,266,2444,0,1
340901998.0,0,1,0,1,1,0,0,0,1,1,1,0,1,1,8,267,2848,0,1
341101428.0,1,0,1,1,1,1,1,0,1,0,0,0,1,0,8,268,2324,0,3
948719092.0,0,1,1,0,0,1,0,1,1,1,0,1,0,1,8,269,2636,0,2
341081888.0,0,0,0,0,0,1,0,0,0,0,1,0,1,1,4,270,2266,0,1
341086578.0,0,1,0,0,0,0,1,1,1,0,1,0,1,0,6,271,2122,0,3
340431648.0,1,1,1,1,1,0,0,0,1,0,1,1,0,1,9,272,2388,0,1
340433059.0,1,1,1,0,0,0,1,1,0,0,1,1,0,0,7,273,2630,0,1
341086575.0,1,0,0,1,1,0,1,0,1,0,0,1,0,0,6,274,2064,0,2
340928562.0,0,1,1,0,1,1,0,1,0,0,0,1,0,1,7,275,2802,0,1
340432943.0,1,0,0,0,1,0,0,0,0,1,0,0,1,0,4,276,2032,0,2
341100734.0,1,1,0,1,1,1,1,1,0,1,0,0,1,1,10,277,2375,0,3
340432954.0,1,0,1,0,0,1,1,0,1,1,0,0,0,1,7,278,2704,0,3
340902021.0,1,1,1,0,0,0,1,1,1,1,1,1,1,1,11,279,2190,0,3
340429994.0,0,1,1,1,1,0,0,0,0,1,0,1,1,0,7,280,2979,0,3
340938586.0,0,0,0,0,1,1,1,0,1,0,0,0,0,1,5,281,2406,0,1
954520009.0,0,1,0,0,1,1,0,1,0,0,0,1,1,0,6,282,2884,0,2
1043639068.0,1,1,0,0,0,0,0,0,0,1,1,0,1,1,6,283,2654,0,2
341387642.0,0,0,0,0,1,0,1,0,0,1,1,1,0,0,5,284,2575,0,1
340950145.0,0,1,1,1,1,0,0,0,1,1,1,0,0,1,8,285,2770,0,3
341537201.0,1,1,0,1,1,0,1,0,0,1,0,0,0,0,6,286,2002,0,3
341088106.0,0,1,0,1,0,0,0,1,0,1,0,1,1,1,7,287,2132,0,1
340432935.0,0,1,0,0,1,0,0,1,0,0,0,1,0,0,4,288,2857,0,1
340431650.0,0,0,0,0,1,0,0,1,0,0,1,1,0,1,5,289,2906,0,3
341121113.0,1,0,1,1,0,0,0,1,1,1,1,0,1,0,8,290,2198,0,2
340938567.0,0,1,0,1,0,1,1,0,0,0,1,1,1,0,7,291,2464,0,2
969561546.0,0,0,1,1,0,0,1,1,0,1,1,1,1,1,9,292,2016,0,2
340431149.0,1,0,1,1,0,0,0,1,1,0,1,1,0,0,7,293,2708,0,3
954519967.0,0,0,0,1,0,1,0,0,0,1,1,0,0,1,5,294,2354,0,1
954519999.0,1,1,1,1,0,0,0,0,1,0,0,1,1,1,8,295,2139,0,1
344315203.0,0,0,1,1,0,0,0,0,0,0,1,0,0,1,4,296,2797,0,2
341121091.0,0,0,0,0,1,1,1,0,0,0,0,1,0,1,5,297,2308,0,1
1061927267.0,1,0,0,0,0,0,0,0,0,0,0,1,0,1,3,298,2391,0,2
340432956.0,1,1,1,0,0,1,1,0,0,1,1,1,0,0,8,299,2295,0,3
340431143.0,0,0,1,1,0,0,1,0,1,0,1,0,1,1,7,300,2293,0,2
948719087.0,0,1,1,1,1,0,0,0,1,0,0,0,1,1,7,301,2068,0,2
341121100.0,1,1,0,0,0,0,0,1,1,0,0,1,1,0,6,302,2324,0,3
340433022.0,1,1,1,1,0,1,1,0,0,0,0,0,1,1,8,303,2002,0,1
1098717728.0,1,0,1,0,1,0,1,1,0,1,1,0,1,0,8,304,2198,0,3
340928529.0,0,0,0,1,0,1,1,1,0,0,0,0,1,1,6,305,2102,0,3
340905935.0,1,1,1,0,0,0,0,0,1,0,0,0,0,1,5,306,2514,0,1
343310484.0,0,1,0,1,1,0,0,1,0,1,1,0,0,0,6,307,2874,0,1
341109211.0,0,1,0,0,1,1,1,0,0,1,1,1,1,0,8,308,2425,0,2
1025555840.0,0,1,1,0,1,1,0,1,1,1,1,0,1,0,9,309,2422,0,2
344315135.0,0,1,0,1,1,1,0,0,1,0,0,1,1,1,8,310,2881,0,3
344321157.0,0,1,0,1,0,0,1,0,0,0,1,0,0,1,5,311,2805,0,1
1030828728.0,0,0,0,1,1,1,1,0,1,1,0,1,0,0,7,312,2749,0,2
340926512.0,0,1,0,1,0,0,1,1,1,0,0,1,0,0,6,313,2487,1,2
340432979.0,1,0,1,1,0,1,1,0,1,1,1,0,0,1,9,314,2787,0,2
341105257.0,0,0,0,0,1,0,1,1,1,1,1,1,0,1,8,315,2796,0,1
340431174.0,0,1,1,1,1,0,1,1,0,1,0,1,1,1,10,316,2378,0,1
1061705984.0,1,1,1,1,1,1,0,0,1,1,1,1,1,1,12,317,2449,0,2
344315145.0,1,1,0,1,0,1,0,1,1,0,1,1,0,0,8,318,2434,0,2
344315177.0,1,0,1,1,1,0,0,1,1,1,0,0,1,1,9,319,2568,0,3
341098979.0,1,0,1,0,0,0,1,0,1,1,0,0,0,0,5,320,2772,0,1
340431169.0,1,0,1,1,0,0,0,0,1,0,1,0,0,1,6,321,2904,0,3
340902060.0,0,0,1,0,0,1,0,0,0,0,0,0,0,1,3,322,2880,0,3
344315115.0,0,0,1,1,1,0,1,1,1,1,1,0,0,0,8,323,2165,0,1
343313403.0,0,1,0,0,1,0,0,0,0,0,0,1,0,0,3,324,2967,0,2
342044756.0,1,0,0,0,1,1,0,0,1,0,1,0,0,0,5,325,2072,0,2
341623825.0,0,0,0,1,1,1,1,1,0,0,1,1,0,0,7,326,2860,0,1
1025555838.0,0,1,0,0,0,1,0,1,1,0,0,1,0,1,6,327,2812,0,2
969561540.0,0,0,1,0,0,0,0,0,1,1,0,1,1,0,5,328,2232,0,2
340433000.0,0,1,0,1,1,0,1,0,0,0,1,1,0,1,7,329,2577,0,1
340928544.0,0,1,0,0,1,0,1,1,0,1,1,1,0,0,7,330,2216,0,1
342243497.0,1,1,0,1,1,0,0,1,0,1,0,0,1,1,8,331,2826,0,3
340902051.0,1,0,1,1,0,0,0,1,1,1,0,0,1,1,8,332,2127,0,2
948719086.0,0,1,0,0,0,0,1,1,1,0,1,1,0,0,6,333,2530,0,2
340930822.0,1,1,0,1,1,0,0,1,0,1,0,1,1,1,9,334,2928,0,2
341254968.0,1,0,0,1,1,0,0,0,0,0,0,0,1,1,5,335,2481,0,3
341319720.0,1,0,0,0,1,1,0,1,1,1,0,0,0,1,7,336,2788,0,1
341100738.0,1,0,1,0,0,0,0,1,0,1,1,0,1,1,7,337,2739,0,1
341088081.0,1,0,1,0,1,1,0,0,0,1,0,0,0,0,5,338,2351,0,3
341121090.0,1,1,1,1,1,1,0,1,0,1,1,1,1,0,11,339,2697,0,3
341542057.0,1,0,0,0,0,0,0,0,1,0,1,1,0,0,4,340,2644,0,2
1061705936.0,1,0,0,1,0,0,0,0,1,1,0,1,1,0,6,341,2548,0,1
340925286.0,1,1,1,1,1,0,1,0,1,1,1,1,1,0,11,342,2014,0,2
341095370.0,1,0,1,0,0,0,1,1,0,0,0,0,1,1,6,343,2201,0,3
344328156.0,0,0,0,1,0,1,0,0,1,1,0,0,1,1,6,344,2138,0,3
341542041.0,0,0,1,0,0,0,0,0,0,0,1,1,1,0,4,345,2054,0,3
954519998.0,1,0,0,0,1,0,0,1,1,0,1,0,0,1,6,346,2358,0,1
1061705976.0,0,1,1,1,1,0,0,1,0,0,1,0,0,1,7,347,2864,0,1
340909953.0,0,0,0,0,1,1,0,0,1,0,0,1,0,1,5,348,2504,0,2
966471805.0,0,0,1,0,0,1,0,1,0,1,0,0,1,0,5,349,2574,0,1
340552881.0,1,0,0,0,1,1,0,1,0,1,1,1,0,0,7,350,2359,0,1
341088086.0,0,1,0,0,0,1,0,0,0,0,0,1,1,1,5,351,2635,0,2
949125515.0,1,1,1,1,0,0,1,1,0,1,1,1,0,0,9,352,2404,0,2
340901975.0,0,1,1,1,0,1,1,1,0,1,0,0,0,1,8,353,2268,0,2
340429984.0,1,0,1,0,1,0,0,1,1,0,1,1,1,1,9,354,2609,0,1
340430008.0,0,0,0,0,1,1,0,0,0,1,1,0,0,1,5,355,2138,0,2
954520019.0,1,0,1,0,0,1,0,1,0,1,1,0,0,1,7,356,2031,0,3
341100381.0,1,1,1,1,1,0,0,1,0,0,0,1,1,1,9,357,2230,0,1
340429960.0,1,0,0,1,0,1,0,0,1,0,1,1,1,1,8,358,2526,0,3
1061705977.0,0,1,1,0,0,1,0,1,1,0,0,0,1,0,6,359,2692,0,1
341101430.0,0,0,0,0,0,0,0,0,0,1,0,1,0,1,3,360,2344,0,3
949125512.0,1,0,0,1,1,1,1,1,0,0,0,1,0,1,8,361,2349,0,2
344321160.0,1,0,1,1,0,0,0,0,1,0,1,0,1,1,7,362,2337,0,3
344327188.0,1,1,0,0,0,0,0,0,0,1,0,1,0,1,5,363,2160,0,1
1061706021.0,0,0,0,0,1,0,0,1,0,0,1,0,0,1,4,364,2864,0,2
340429982.0,1,1,1,1,0,0,0,0,0,0,1,1,0,0,6,365,2613,0,2
340433023.0,0,1,1,0,1,0,1,1,1,1,0,0,0,1,8,366,2296,0,3
340926518.0,1,1,1,1,0,1,1,1,1,0,1,1,0,1,11,367,2542,0,2
341088104.0,1,1,0,1,1,1,0,1,0,1,1,1,0,0,9,368,2263,0,3
341544848.0,0,0,1,1,1,0,1,1,0,1,1,0,0,1,8,369,2403,0,3
969973722.0,0,0,0,0,1,0,0,1,1,0,1,1,0,0,5,370,2748,0,1
340938997.0,1,0,0,1,0,1,0,0,1,0,1,1,1,0,7,371,2766,0,2
340431189.0,1,1,0,0,0,1,1,0,0,0,1,0,1,1,7,372,2322,0,2
341086582.0,0,0,0,0,0,1,1,0,0,1,1,1,1,0,6,373,2872,0,3
949125521.0,1,1,0,1,0,0,1,0,0,0,0,1,1,0,6,374,2368,1,1
954519981.0,1,0,0,1,1,1,0,1,0,1,0,1,0,1,8,375,2977,0,3
340902041.0,0,1,0,1,1,1,1,0,0,0,1,0,1,1,8,376,2514,0,1
344315170.0,1,0,0,1,0,1,1,0,1,0,1,1,1,1,9,377,2063,0,3
343305548.0,0,1,0,1,0,0,1,0,0,0,1,0,0,1,5,378,2678,0,3
340938996.0,0,1,0,1,0,1,1,0,1,0,0,1,1,1,8,379,2043,0,1
340431173.0,1,1,0,1,1,1,1,1,0,0,0,1,0,1,9,380,2926,0,2
340433048.0,0,0,0,1,0,1,0,1,0,0,1,0,1,1,6,381,2044,0,2
966471800.0,0,1,1,0,1,0,1,1,1,1,1,0,0,1,9,382,2294,0,2
954519976.0,0,0,0,1,0,0,0,1,1,0,1,1,1,1,7,383,2262,0,1
341088506.0,0,1,0,0,0,0,0,0,0,0,1,1,0,0,3,384,2239,0,1
948882443.0,0,0,0,1,0,0,1,1,1,1,1,0,0,0,6,385,2323,0,1
340429974.0,0,1,0,0,1,1,0,1,0,0,1,0,1,0,6,386,2611,0,2
949125513.0,0,1,1,1,1,0,0,0,1,0,1,0,0,0,6,387,2056,0,3
340938559.0,0,1,0,1,0,0,0,0,0,0,0,1,1,0,4,388,2456,0,3
340902054.0,0,1,1,1,0,0,0,0,1,1,1,0,0,1,7,389,2777,0,3
340905879.0,0,1,1,0,0,1,0,0,1,0,0,1,1,0,6,390,2896,0,2
1098717496.0,0,1,1,1,0,0,0,0,1,1,1,0,0,0,6,391,2626,0,2
340431649.0,1,0,0,1,1,0,0,0,0,1,1,1,0,1,7,392,2389,0,1
340905905.0,1,0,1,0,1,0,1,1,1,1,1,0,0,0,8,393,2346,0,1
1061706010.0,1,1,0,0,0,0,0,0,0,1,1,1,1,0,6,394,2985,0,3
969828191.0,1,1,1,0,1,0,0,0,1,0,1,1,1,1,9,395,2329,0,2
340909959.0,1,0,1,1,1,1,1,1,1,1,1,0,0,1,11,396,2196,0,2
340902003.0,1,1,1,1,0,1,0,1,0,0,1,0,0,1,8,397,2518,0,2
340892006.0,1,1,0,0,0,0,1,0,1,0,1,0,1,1,7,398,2445,0,3
340431121.0,0,0,0,0,1,1,1,0,0,1,1,1,1,0,7,399,2332,0,3
341103371.0,0,1,1,0,1,0,1,1,1,0,0,1,1,0,8,400,2360,0,2
948719094.0,1,0,1,1,0,0,1,1,1,0,1,0,0,0,7,401,2806,0,2
340552956.0,0,1,0,0,0,1,1,1,0,1,0,1,0,1,7,402,2417,0,2
341238151.0,0,0,1,0,0,0,0,1,0,1,0,0,0,0,3,403,2031,0,3
341108731.0,1,0,0,0,0,1,0,0,0,1,0,0,0,0,3,404,2600,0,2
969973765.0,1,0,1,0,1,1,0,1,1,1,0,0,0,1,8,405,2616,0,2
343310486.0,1,0,0,0,1,1,1,0,1,1,0,0,0,0,6,406,2737,0,2
340888205.0,0,1,0,1,1,1,0,1,0,0,1,0,0,1,7,407,2914,0,3
340901977.0,1,1,0,0,0,1,0,0,1,0,0,1,1,1,7,408,2315,0,2
341254964.0,1,0,1,1,1,0,0,0,1,1,1,1,1,0,9,409,2064,0,3
1061927278.0,1,1,0,1,0,1,1,0,1,1,1,0,1,1,10,410,2125,0,3
340938542.0,1,0,1,1,1,0,0,1,1,0,1,1,1,1,10,411,2252,0,3
340432928.0,0,0,1,1,0,1,0,0,0,1,0,0,0,0,4,412,2466,0,3
970038756.0,0,0,0,0,0,1,0,0,0,1,1,1,0,1,5,413,2320,0,1
344328160.0,0,1,1,1,1,1,1,0,0,1,0,0,0,0,7,414,2884,0,1
969561559.0,1,1,1,1,1,1,0,0,1,0,0,1,0,1,9,415,2858,0,2
13049452.0,0,1,1,1,1,1,1,0,0,1,1,0,0,0,8,416,2192,0,3
340433087.0,1,0,0,1,1,0,0,0,1,1,1,0,0,0,6,417,2401,0,3
341102654.0,1,1,0,0,0,0,1,0,1,1,1,0,0,1,7,418,2816,0,2
1138280839.0,0,0,1,1,0,1,0,0,0,0,1,1,0,0,5,419,2364,0,2
970170443.0,0,0,0,1,0,0,0,0,1,1,0,1,0,0,4,420,2261,0,3
340925307.0,1,1,0,1,0,1,0,0,1,0,1,0,0,1,7,421,2940,0,3
341172599.0,1,0,1,1,1,0,0,0,1,0,0,1,0,0,6,422,2623,0,2
340922887.0,0,1,0,1,1,0,0,0,1,0,0,0,0,0,4,423,2873,0,3
340431655.0,0,0,0,0,0,0,1,1,1,1,0,1,1,1,7,424,2347,0,1
340928520.0,0,0,0,0,1,0,1,1,1,1,0,1,1,0,7,425,2557,0,3
343312312.0,1,1,0,0,0,0,1,0,0,1,1,0,0,1,6,426,2145,0,2
340430019.0,0,0,1,1,0,1,1,0,0,0,0,1,0,1,6,427,2561,0,1
341109201.0,0,1,1,1,1,0,0,1,1,1,0,0,0,1,8,428,2225,0,3
340930836.0,0,0,1,1,1,0,0,1,0,1,0,0,0,0,5,429,2155,0,2
340432958.0,0,1,0,1,0,0,0,1,0,0,1,0,0,0,4,430,2096,0,2
342390403.0,1,1,1,0,0,1,1,1,0,1,0,1,1,1,10,431,2157,0,1
341121093.0,1,1,1,1,1,1,0,0,0,0,0,0,0,1,7,432,2454,0,1
1061927285.0,1,0,1,0,1,0,0,1,1,0,1,0,1,0,7,433,2333,0,3
341088500.0,1,0,1,1,0,0,0,0,0,1,0,1,0,0,5,434,2698,0,3
340431131.0,1,0,0,0,0,1,0,0,1,0,0,1,0,1,5,435,2759,0,1
1061706009.0,0,0,0,1,0,1,0,1,0,0,0,0,1,0,4,436,2360,0,2
340930827.0,0,0,1,1,0,1,0,1,1,1,0,0,1,1,8,437,2764,0,1
341172600.0,0,0,1,1,1,0,0,1,1,0,0,1,0,1,7,438,2244,0,3
969561569.0,1,0,0,1,0,0,1,0,0,0,0,0,0,1,4,439,2407,0,3
340554311.0,1,0,0,1,0,0,1,1,1,1,0,1,1,0,8,440,2652,0,3
1061706001.0,1,0,0,1,1,1,1,1,1,1,0,1,1,0,10,441,2349,0,3
969828189.0,0,0,0,1,1,0,1,0,1,0,1,0,0,1,6,442,2878,1,1
341086579.0,1,0,1,1,0,0,1,0,0,1,0,0,0,1,6,443,2295,0,1
340431102.0,0,1,0,0,1,1,0,0,0,0,0,1,0,1,5,444,2801,0,1
948882444.0,0,0,1,0,0,0,0,1,1,1,1,0,1,0,6,445,2085,0,3
340429951.0,0,1,0,0,0,1,1,1,0,0,0,1,0,0,5,446,2945,0,1
340905883.0,0,0,1,1,1,0,1,0,0,0,0,1,1,0,6,447,2649,0,1
969561591.0,1,0,0,0,0,1,1,0,0,0,0,1,0,1,5,448,2589,0,1
1231381224.0,1,1,1,0,0,0,1,1,0,0,1,1,0,0,7,449,2733,0,3
1061705967.0,1,1,1,1,1,0,0,1,0,0,1,0,1,0,8,450,2538,0,1
341125438.0,1,1,1,1,1,1,0,1,1,1,0,1,1,0,11,451,2610,0,2
340938570.0,1,1,0,0,0,1,1,1,1,1,1,0,1,0,9,452,2106,0,3
340890944.0,1,0,0,1,0,0,0,1,1,1,1,0,0,1,7,453,2072,0,3
340432914.0,1,0,0,1,0,0,0,0,0,0,1,1,0,1,5,454,2677,0,2
1061927274.0,0,0,1,0,1,1,0,0,0,1,0,0,0,0,4,455,2493,0,2
340433088.0,1,1,0,0,1,0,0,1,1,0,0,0,0,0,5,456,2692,0,3
970038748.0,1,0,1,0,1,1,0,0,1,0,1,1,1,1,9,457,2779,0,3
341088112.0,1,1,0,1,0,1,1,0,0,1,0,1,1,0,8,458,2990,0,2
341319723.0,0,1,0,0,0,1,1,1,0,1,0,1,1,0,7,459,2195,0,3
969561564.0,1,1,1,1,0,0,1,1,1,1,0,0,0,0,8,460,2885,0,3
954520018.0,0,1,1,1,1,0,0,0,1,1,0,0,0,1,7,461,2297,0,2
340938564.0,1,0,1,0,1,1,1,0,0,0,0,1,1,1,8,462,2490,0,3
341634274.0,1,1,0,1,0,0,1,1,1,0,0,1,0,1,8,463,2634,0,2
340925310.0,1,0,0,1,0,1,0,1,1,1,1,1,1,0,9,464,2054,0,2
343313398.0,0,1,1,1,1,0,1,0,1,0,0,1,0,1,8,465,2781,0,2
341081891.0,0,1,1,1,0,1,1,1,0,0,0,1,0,1,8,466,2090,0,1
340938566.0,1,0,0,0,0,0,0,0,1,1,1,1,0,0,5,467,2570,0,1
340938539.0,0,0,0,1,1,0,0,0,0,0,1,1,0,1,5,468,2123,0,1
954520030.0,0,1,1,1,1,1,0,0,1,0,0,1,0,1,8,469,2482,0,3
340554305.0,1,1,1,1,0,0,1,0,0,0,1,0,1,1,8,470,2038,0,1
340554300.0,1,1,1,1,0,0,0,1,0,0,1,0,0,0,6,471,2041,0,2
341098987.0,1,0,1,1,1,1,0,1,0,1,1,1,1,0,10,472,2116,0,3
341542050.0,0,0,1,1,0,0,0,1,0,0,1,1,1,1,7,473,2048,0,3
341086543.0,1,0,1,1,0,1,1,0,0,0,1,0,0,1,7,474,2688,0,3
341268274.0,1,0,0,1,0,1,0,1,1,1,0,1,1,1,9,475,2807,0,1
340930846.0,0,0,1,0,1,0,1,0,1,1,1,1,1,1,9,476,2166,0,1
966471792.0,0,1,1,0,1,0,0,0,0,1,1,0,0,1,6,477,2655,0,1
340938519.0,0,0,1,0,1,0,1,0,1,1,0,0,0,0,5,478,2353,0,3
341106044.0,0,1,0,0,0,1,1,0,0,0,0,1,1,1,6,479,2704,0,3
343305549.0,1,0,1,0,0,1,1,1,1,0,0,1,1,0,8,480,2518,0,3
969828184.0,1,0,0,0,0,0,1,1,0,1,0,0,0,1,5,481,2910,0,3
344315197.0,1,1,0,0,0,0,0,1,0,1,1,0,0,1,6,482,2171,0,2
341544861.0,1,0,0,1,0,1,0,1,0,1,0,1,0,0,6,483,2314,0,3
341544845.0,1,1,1,1,1,0,1,1,0,1,0,0,0,0,8,484,2895,0,2
340901983.0,0,1,0,1,1,1,0,1,0,0,1,1,0,1,8,485,2376,0,1
341088100.0,0,0,1,0,1,1,1,1,1,1,1,0,1,1,10,486,2874,0,1
341088509.0,0,0,0,0,1,1,0,0,1,1,0,0,0,1,5,487,2010,0,2
948882441.0,0,0,0,1,0,1,0,0,1,1,1,1,1,0,7,488,2928,0,1
341105267.0,0,0,1,1,1,1,0,0,0,1,0,0,1,0,6,489,2586,0,2
341261162.0,0,1,1,0,0,0,1,1,0,0,1,0,1,1,7,490,2531,0,3
341537196.0,1,1,0,1,1,1,1,0,0,1,0,1,1,1,10,491,2240,0,1
1061705963.0,0,0,0,1,1,1,1,1,1,1,1,1,0,1,10,492,2686,0,3
341623827.0,0,1,1,1,1,1,0,0,1,1,0,0,1,0,8,493,2164,0,1
341531299.0,0,0,0,0,1,0,1,0,1,0,0,0,1,0,4,494,2112,0,2
949125520.0,0,1,1,0,0,0,1,1,0,0,0,0,1,0,5,495,2892,0,3
341319708.0,1,1,0,1,1,0,0,1,0,0,1,0,0,0,6,496,2890,0,3
341531306.0,1,1,1,0,0,0,1,0,0,0,0,1,0,0,5,497,2079,0,1
340433006.0,1,1,0,1,0,0,1,1,1,1,1,1,0,1,10,498,2890,0,2
340433040.0,0,0,0,1,1,1,0,0,0,1,0,1,0,0,5,499,2793,0,3
340429955.0,0,0,0,1,1,0,1,0,1,0,0,0,0,0,4,500,2092,0,3
340930858.0,1,1,1,0,1,1,0,0,0,1,1,1,1,0,9,501,2000,0,1
344360916.0,0,0,0,0,0,0,0,1,1,1,0,1,1,1,6,502,2655,0,1
344327195.0,0,0,1,1,1,1,0,0,0,0,0,0,0,0,4,503,2871,0,2
341086576.0,1,1,1,1,0,1,0,1,0,1,0,1,1,1,10,504,2984,0,3
341086580.0,1,1,0,1,1,0,1,0,0,0,1,0,1,0,7,505,2182,0,1
341098985.0,1,1,0,1,0,1,1,1,0,0,1,0,0,0,7,506,2833,0,1
1061706045.0,0,0,0,0,1,0,1,1,1,0,0,0,1,0,5,507,2289,0,1
340890870.0,1,0,1,1,0,0,1,0,1,0,1,1,0,0,7,508,2127,0,3
340429971.0,1,0,1,1,1,0,0,0,1,1,1,0,1,0,8,509,2713,0,3
340892676.0,0,0,0,0,0,0,0,0,0,0,0,1,1,0,2,510,2170,0,1
1061706011.0,0,1,1,1,0,1,1,0,1,0,1,1,0,1,9,511,2249,0,1
341550890.0,0,1,1,1,0,1,0,0,0,0,0,1,1,1,7,512,2580,0,3
340938568.0,1,0,1,0,0,1,0,1,0,0,0,1,1,1,7,513,2742,0,3
340925320.0,0,0,0,1,1,0,0,0,0,1,1,0,0,1,5,514,2118,0,3
340938518.0,1,0,0,0,1,0,1,1,0,1,0,0,1,1,7,515,2986,0,3
340554307.0,0,0,0,0,1,0,1,1,1,1,0,0,0,0,5,516,2056,0,2
340433074.0,1,0,1,0,0,0,0,1,1,1,0,0,1,0,6,517,2264,0,1
341962017.0,1,0,0,0,1,1,0,1,1,1,0,0,1,0,7,518,2238,0,3
341086572.0,0,0,1,1,0,1,1,0,1,1,1,1,0,0,8,519,2439,0,3
341086556.0,0,0,0,0,1,0,1,1,0,0,1,0,1,0,5,520,2268,0,1
340890888.0,1,0,0,0,0,0,0,0,0,1,0,1,1,1,5,521,2651,0,2
344321155.0,0,0,0,1,1,1,0,1,0,0,0,0,1,1,6,522,2638,0,1
341037754.0,1,0,1,0,1,1,1,1,0,1,0,0,0,1,8,523,2289,0,2
341108728.0,0,0,0,1,0,0,1,1,0,1,1,1,1,1,8,524,2919,0,2
1061705975.0,0,1,0,1,0,1,0,0,0,1,1,0,1,1,7,525,2396,0,1
341542045.0,0,1,1,1,0,0,1,1,1,1,0,0,1,0,8,526,2937,0,3
1061706006.0,0,0,1,1,0,0,0,0,0,1,0,0,1,0,4,527,2360,0,1
344327187.0,1,1,1,0,0,1,0,1,0,1,0,1,1,1,9,528,2255,0,2
341544856.0,0,1,0,0,0,0,0,1,0,1,0,1,0,1,5,529,2316,0,3
340902045.0,0,0,1,1,0,0,1,1,1,0,0,1,1,0,7,530,2592,0,1
340431167.0,1,1,0,0,0,1,0,0,1,0,0,0,0,1,5,531,2163,0,3
344327176.0,1,1,0,0,0,0,1,1,1,0,0,0,1,0,6,532,2053,0,2
341103381.0,0,0,1,1,0,0,0,0,0,0,1,1,0,0,4,533,2266,0,2
341088111.0,1,1,1,1,0,1,1,1,0,1,0,1,1,0,10,534,2172,0,1
340938592.0,1,1,1,1,1,1,1,0,1,1,0,1,1,0,11,535,2964,0,2
341088088.0,0,0,1,0,1,1,0,0,0,0,0,1,0,1,5,536,2182,0,2
340928551.0,0,0,1,0,1,0,0,1,0,1,1,1,0,0,6,537,2171,0,2
340905808.0,0,0,1,1,1,0,1,1,1,0,1,0,1,1,9,538,2419,0,2
341099266.0,0,0,1,0,1,0,0,0,0,0,1,1,0,0,4,539,2508,0,3
340930853.0,1,1,1,1,0,1,1,0,0,0,1,1,0,0,8,540,2449,0,3
1025555841.0,0,1,0,1,0,0,0,0,0,0,0,1,1,1,5,541,2941,0,3
341088116.0,1,0,1,0,0,1,1,0,0,0,0,1,0,0,5,542,2278,0,1
340928518.0,0,1,1,0,0,0,1,1,1,1,1,0,1,1,9,543,2910,0,3
340432977.0,0,0,0,1,0,1,1,0,0,0,0,0,0,0,3,544,2206,0,2
954519991.0,0,1,1,1,0,1,0,1,1,0,0,1,1,0,8,545,2048,0,2
1116532805.0,0,1,0,1,1,1,1,0,1,0,1,0,1,0,8,546,2780,0,1
1061705981.0,0,0,1,1,1,1,0,1,0,0,0,1,0,0,6,547,2963,0,2
343310485.0,1,0,0,1,0,0,0,0,0,0,1,1,0,0,4,548,2258,0,1
342412574.0,0,0,0,1,1,1,1,0,0,1,1,1,1,1,9,549,2468,0,2
969828187.0,1,0,0,1,0,1,0,1,1,0,1,1,0,0,7,550,2275,0,1
1061706023.0,1,0,1,0,1,0,0,0,0,0,0,0,1,1,5,551,2118,0,2
340431129.0,0,0,0,1,1,1,0,0,0,1,1,1,1,1,8,552,2301,0,2
970038757.0,1,1,1,1,0,0,1,0,1,1,0,1,0,1,9,553,2071,0,1
1061927283.0,1,0,0,0,0,0,0,0,1,1,0,1,1,1,6,554,2592,0,3
341088093.0,0,0,1,0,0,0,1,0,0,0,0,1,0,1,4,555,2589,0,2
340432929.0,1,0,1,0,1,0,0,1,1,1,0,1,1,0,8,556,2925,0,3
341174211.0,1,0,1,0,1,0,1,1,0,1,1,0,0,1,8,557,2005,0,2
341088075.0,0,0,1,1,0,1,1,1,1,0,1,0,0,1,8,558,2877,0,1
341537202.0,1,0,0,1,0,0,1,1,0,1,0,1,1,1,8,559,2357,0,3
341101419.0,1,1,1,1,0,1,1,1,0,1,1,0,0,1,10,560,2407,0,1
341542052.0,0,0,1,0,0,0,0,1,1,0,0,1,1,0,5,561,2388,0,2
329412425.0,0,0,1,0,0,0,0,1,1,0,1,0,0,1,5,562,2525,0,3
340905944.0,0,0,1,0,0,0,0,0,0,0,0,0,0,0,1,563,2802,0,3
341086568.0,1,1,0,1,1,1,1,0,1,0,1,0,0,1,9,564,2490,0,2
341542053.0,0,1,0,0,0,1,1,0,0,1,1,1,1,0,7,565,2123,0,1
341254962.0,1,0,0,0,1,1,0,1,0,0,0,0,1,1,6,566,2158,0,2
954519996.0,0,0,1,1,0,1,0,0,1,1,0,1,1,0,7,567,2627,0,3
341617938.0,1,0,1,1,1,1,0,0,0,0,1,0,1,1,8,568,2887,0,1
340892697.0,0,1,0,1,0,0,0,1,0,1,0,0,1,0,5,569,2915,0,2
1061705968.0,1,1,0,0,0,1,1,0,0,0,1,1,1,1,8,570,2056,0,1
949125514.0,0,1,1,0,1,1,0,1,1,0,1,0,1,0,8,571,2619,0,2
340902029.0,1,1,1,0,1,0,0,1,1,1,1,1,0,0,9,572,2801,0,3
340926511.0,1,0,1,1,1,0,0,0,0,1,0,0,1,0,6,573,2608,0,2
341086531.0,1,1,0,0,0,0,1,0,0,1,1,1,1,1,8,574,2498,0,3
340431160.0,1,1,1,1,0,0,1,1,0,1,0,0,1,1,9,575,2050,0,3
969976312.0,0,1,0,1,1,0,1,1,1,0,1,0,1,0,8,576,2909,0,3
340431154.0,0,1,0,1,1,1,1,0,0,0,1,0,0,1,7,577,2387,0,3
1043640080.0,1,0,1,1,1,1,0,0,1,0,0,1,0,1,8,578,2719,0,1
341103377.0,1,0,0,0,1,0,1,0,0,1,1,0,1,0,6,579,2694,0,2
340429996.0,0,1,1,0,0,0,0,0,0,1,0,0,0,0,3,580,2975,0,1
341261797.0,0,1,0,0,0,1,1,1,1,1,0,0,1,0,7,581,2345,0,2
341088095.0,1,0,0,0,1,1,1,1,0,1,0,0,1,1,8,582,2932,0,3
344308957.0,1,0,1,1,0,0,1,0,0,0,0,0,0,0,4,583,2523,0,1
341099225.0,0,1,0,1,1,0,1,1,0,1,0,0,0,1,7,584,2346,0,3
340905824.0,1,1,0,1,1,0,0,0,1,1,0,1,0,0,7,585,2748,0,2
340905859.0,1,1,1,0,0,1,1,0,0,0,0,1,0,0,6,586,2530,0,3
948719096.0,0,0,1,0,1,1,1,0,1,0,0,0,0,0,5,587,2938,0,3
954520008.0,1,0,1,0,1,0,1,1,0,0,1,0,1,1,8,588,2172,0,3
341086555.0,1,1,0,0,1,0,0,0,0,0,1,0,0,0,4,589,2016,0,2
340431658.0,1,1,0,1,0,1,0,1,1,0,0,1,0,0,7,590,2471,0,1
1061705964.0,1,1,1,1,0,0,1,0,0,1,1,0,1,1,9,591,2099,0,2
340552424.0,1,0,0,1,0,0,0,1,1,1,0,0,0,0,5,592,2988,0,2
954519994.0,0,0,1,0,0,1,0,0,1,1,0,1,1,1,7,593,2930,0,2
341086570.0,0,0,0,0,1,1,1,0,1,1,1,1,1,0,8,594,2099,0,3
344362091.0,0,0,1,1,0,1,1,1,1,1,0,0,1,0,8,595,2907,0,3
341102707.0,0,1,1,0,1,1,1,0,0,1,0,0,1,0,7,596,2116,0,3
340429962.0,0,0,1,1,0,0,0,1,0,0,1,0,0,0,4,597,2991,0,2
340938554.0,1,1,1,1,0,0,0,0,1,1,1,0,1,0,8,598,2421,0,2
340431113.0,1,0,1,0,0,1,0,1,0,1,0,1,0,1,7,599,2768,0,3
1098717725.0,0,0,0,1,1,1,0,0,1,0,1,0,0,1,6,600,2516,0,3
970169881.0,0,1,0,1,0,0,1,1,0,1,1,0,0,0,6,601,2025,0,1
340433084.0,0,0,1,1,1,1,0,0,1,1,1,0,1,0,8,602,2198,0,1
948719093.0,0,1,0,0,0,1,0,0,0,1,0,0,0,1,4,603,2513,0,2
341105244.0,0,1,0,1,0,0,0,0,0,0,1,0,1,1,5,604,2411,0,2
340432952.0,0,1,0,1,1,1,0,1,1,0,0,0,0,1,7,605,2509,0,2
340433019.0,0,1,1,1,1,0,0,0,0,0,0,1,0,1,6,606,2452,0,3
966471809.0,1,1,0,0,1,1,0,1,1,1,1,1,0,1,10,607,2319,0,1
340939004.0,1,0,0,1,1,1,1,0,0,1,0,1,1,1,9,608,2571,0,1
954519982.0,1,1,1,1,0,1,1,1,0,1,1,0,1,0,10,609,2105,0,3
341103361.0,1,0,0,1,1,0,1,1,1,0,0,0,0,0,6,610,2437,0,1
341086585.0,0,1,0,0,0,1,1,1,0,0,0,0,0,1,5,611,2120,0,1
969561541.0,0,1,1,0,1,1,1,0,1,0,0,0,0,0,6,612,2974,0,3
343316630.0,1,1,1,1,1,0,0,1,1,0,0,1,1,1,10,613,2685,0,2
1061706047.0,1,1,0,1,1,1,1,1,1,0,0,1,0,1,10,614,2536,0,2
340430004.0,1,1,1,1,1,1,1,0,1,1,0,1,1,0,11,615,2069,0,2
341088098.0,0,1,0,1,0,0,1,0,1,0,1,0,1,1,7,616,2219,0,1
340888004.0,0,0,0,0,1,1,1,0,0,1,0,1,1,0,6,617,2865,0,3
341125434.0,0,0,0,0,1,1,1,0,1,0,1,1,0,1,7,618,2295,0,2
1061706015.0,0,1,0,1,1,0,1,1,0,1,1,1,0,0,8,619,2391,0,1
341086520.0,0,1,1,1,1,1,0,1,1,1,0,0,0,0,8,620,2886,0,3
954519972.0,0,1,1,0,0,1,0,1,1,1,0,0,1,1,8,621,2940,0,1
340925308.0,1,1,0,0,0,1,0,1,0,0,1,0,0,1,6,622,2655,0,2
1061705990.0,1,1,0,1,1,1,1,0,1,1,0,1,1,1,11,623,2587,0,1
948881405.0,1,0,0,1,1,1,0,0,0,0,0,1,0,0,5,624,2587,0,2
1001307722.0,0,0,0,0,1,0,0,0,0,0,1,0,0,1,3,625,2640,0,1
341088091.0,0,0,0,1,0,1,0,0,1,1,1,0,0,1,6,626,2794,0,1
340926517.0,0,1,1,0,1,1,1,1,1,0,1,0,0,1,9,627,2221,0,3
340890903.0,1,0,1,1,0,1,1,1,0,1,0,1,1,1,10,628,2218,0,2
1036023869.0,1,0,0,1,1,1,0,1,1,1,1,0,1,0,9,629,2546,0,1
340433043.0,1,0,1,0,0,0,0,1,0,1,0,0,0,1,5,630,2128,0,2
954520010.0,1,0,0,1,0,0,0,1,1,0,1,0,0,0,5,631,2384,0,2
341088510.0,1,1,0,0,0,1,0,1,0,0,1,0,1,1,7,632,2313,0,2
948719097.0,1,1,0,0,0,1,0,0,0,0,0,1,0,0,4,633,2280,0,3
340902006.0,0,1,1,0,0,0,0,0,1,1,1,0,0,1,6,634,2883,0,1
341088099.0,1,0,0,0,0,1,0,0,0,0,0,1,1,0,4,635,2868,0,2
970395647.0,1,0,1,0,1,1,1,1,0,0,1,0,0,0,7,636,2758,0,3
1098717498.0,1,1,1,1,1,1,0,1,0,1,0,1,1,1,11,637,2989,0,3
1061706025.0,0,1,1,0,0,0,1,0,0,0,0,1,1,1,6,638,2256,0,3
340432913.0,1,1,1,1,0,0,1,0,1,1,1,0,1,1,10,639,2127,0,3
341617932.0,1,1,0,0,0,1,1,0,1,1,1,0,1,0,8,640,2955,0,2
340902005.0,0,0,0,1,1,1,0,1,0,0,0,1,0,1,6,641,2028,0,2
969561590.0,1,1,0,0,1,1,1,1,0,1,0,1,1,1,10,642,2064,0,2
340902022.0,1,1,0,1,1,1,0,0,0,0,1,1,0,1,8,643,2254,0,2
341542055.0,0,0,1,1,1,0,0,1,0,1,0,0,0,0,5,644,2236,0,1
340432963.0,0,0,1,1,0,0,1,1,1,0,1,0,0,1,7,645,2337,0,1
340920488.0,1,1,0,1,0,1,0,1,0,1,1,1,1,0,9,646,2907,0,2
949125518.0,1,0,0,0,1,1,1,1,0,1,0,0,0,1,7,647,2604,0,3
340432991.0,0,0,0,1,1,1,0,0,1,0,1,1,0,0,6,648,2292,0,2
341086581.0,1,0,0,0,1,1,0,1,0,0,0,0,1,1,6,649,2325,0,1
340432995.0,0,1,0,1,0,1,1,1,0,0,1,0,1,0,7,650,2058,0,1
969561549.0,1,1,1,0,0,0,0,1,0,0,0,0,0,1,5,651,2125,0,3
340433036.0,0,1,1,1,1,0,0,1,1,1,1,1,0,0,9,652,2724,0,3
969561531.0,1,0,1,0,1,1,0,0,0,1,1,1,0,1,8,653,2739,0,1
966471801.0,1,1,0,0,0,0,1,1,1,1,1,1,1,0,9,654,2835,0,1
340905868.0,1,1,0,0,0,0,0,0,0,1,1,1,0,0,5,655,2931,0,1
1058759287.0,1,1,1,0,0,1,0,0,1,1,1,0,1,1,9,656,2740,0,2
1043639069.0,1,0,1,0,0,1,1,0,1,0,1,1,0,1,8,657,2100,0,3
341086561.0,0,0,1,1,0,0,1,1,0,0,1,0,1,0,6,658,2743,0,3
969973732.0,0,1,1,1,1,0,0,1,0,0,1,0,0,1,7,659,2859,0,2
341088502.0,1,1,1,1,0,1,1,0,0,0,0,1,0,0,7,660,2661,0,3
970168926.0,1,1,0,1,1,0,1,1,0,1,1,0,0,1,9,661,2335,0,3
341103364.0,1,0,0,0,1,1,0,1,0,1,1,1,0,0,7,662,2685,0,1
341081893.0,1,1,0,0,0,1,1,0,0,1,0,0,0,1,6,663,2374,0,2
954519968.0,0,0,1,1,1,0,1,1,1,0,1,1,1,0,9,664,2689,0,1
1046071518.0,0,0,0,0,0,1,1,1,0,0,1,1,0,0,5,665,2189,0,1
977331955.0,1,0,1,0,0,0,1,1,1,0,0,1,0,0,6,666,2803,0,1
340925326.0,1,1,0,0,1,0,1,0,1,0,0,0,0,1,6,667,2111,0,2
341711964.0,0,0,1,1,0,0,1,1,0,1,0,0,1,0,6,668,2153,0,3
340433050.0,0,0,0,1,1,0,1,0,1,0,1,0,1,0,6,669,2121,0,1
341088493.0,1,0,1,1,0,1,0,1,0,0,1,1,0,0,7,670,2583,0,2
340431151.0,1,0,1,1,0,1,1,0,1,1,0,0,0,1,8,671,2705,0,1
340902026.0,1,0,1,1,0,0,0,0,1,1,1,1,1,1,9,672,2519,0,2
341121094.0,0,1,1,1,1,1,1,0,1,0,1,0,0,1,9,673,2182,0,3
344308956.0,1,0,0,1,1,1,1,1,0,1,0,0,0,1,8,674,2483,0,1
969973726.0,0,0,0,0,0,0,1,0,1,1,0,1,1,1,6,675,2612,0,3
1098717488.0,0,1,0,1,1,0,1,1,1,1,0,0,0,1,8,676,2856,0,2
344315125.0,1,0,1,0,0,0,0,1,1,0,0,1,1,1,7,677,2211,0,1
341105255.0,0,1,1,0,0,1,1,1,1,0,0,1,1,0,8,678,2725,0,2
340432918.0,1,1,1,1,1,1,0,0,1,1,0,0,1,1,10,679,2146,0,2
341108727.0,1,0,1,0,0,1,0,0,0,0,1,0,0,0,4,680,2095,0,2
344315133.0,0,1,1,0,0,1,1,0,1,0,1,0,1,0,7,681,2117,0,2
341086571.0,0,0,1,1,1,1,0,1,0,1,0,0,0,1,7,682,2558,0,2
343314174.0,1,1,0,1,0,0,0,1,0,1,0,0,1,0,6,683,2908,0,1
340552520.0,0,1,0,1,0,0,0,1,1,0,1,1,1,0,7,684,2322,0,3
341174205.0,0,1,0,0,0,1,1,0,1,0,1,0,1,0,6,685,2479,0,2
1061706046.0,0,1,1,0,1,0,0,0,0,0,0,1,0,1,5,686,2244,0,2
341542054.0,0,1,0,1,1,0,0,0,0,1,1,0,1,1,7,687,2970,0,2
1061706044.0,0,0,1,1,0,1,1,1,0,0,0,0,0,0,5,688,2225,0,2
341387636.0,1,0,0,0,1,1,1,1,1,1,1,1,0,0,9,689,2889,0,1
340431158.0,1,1,0,0,0,1,1,0,0,1,1,1,1,0,8,690,2072,0,1
340433027.0,0,0,1,1,1,0,0,1,1,1,1,1,1,0,9,691,2272,0,3
340431116.0,1,1,0,0,1,0,0,0,0,1,1,1,1,0,7,692,2835,0,2
1043639067.0,0,1,1,0,0,0,0,1,0,1,0,1,1,0,6,693,2210,0,1
340925314.0,1,1,1,0,1,1,0,1,0,1,1,1,0,1,10,694,2533,0,3
969561567.0,0,1,0,0,1,1,1,1,0,0,1,0,1,0,7,695,2288,0,2
341125436.0,1,1,0,1,1,0,1,0,1,0,1,0,1,0,8,696,2551,0,3
340432950.0,0,1,0,1,0,1,0,1,0,0,1,1,1,0,7,697,2242,0,1
341100386.0,0,1,0,0,1,1,1,1,1,0,1,1,1,1,10,698,2758,0,3
340888006.0,1,1,0,0,1,0,0,1,1,0,0,1,1,0,7,699,2445,0,2
340431150.0,0,0,1,0,0,1,0,1,1,1,1,1,1,0,8,700,2899,0,3
341174208.0,1,1,0,0,1,1,1,1,0,1,1,1,1,0,10,701,2402,0,1
341100741.0,1,0,1,1,1,0,0,1,1,0,0,0,1,0,7,702,2475,0,1
340938526.0,1,1,0,1,1,0,0,1,1,0,0,0,1,0,7,703,2387,0,3
969828186.0,1,1,1,0,0,1,1,1,1,1,1,0,1,1,11,704,2888,0,1
340432920.0,1,0,0,1,1,0,1,0,1,0,1,1,1,1,9,705,2444,0,1
954520015.0,0,1,1,1,0,0,1,1,0,0,1,0,1,0,7,706,2739,0,2
344308955.0,1,1,1,0,0,1,1,0,0,0,1,0,0,0,6,707,2859,0,1
340938520.0,0,0,0,0,0,1,1,1,0,0,0,1,1,0,5,708,2828,0,3
970709204.0,0,0,1,1,0,1,1,1,1,0,1,0,1,1,9,709,2080,0,1
340902065.0,0,0,1,0,0,0,0,1,1,0,0,1,0,0,4,710,2740,0,3
341102712.0,1,0,0,0,0,0,1,1,0,0,1,1,1,0,6,711,2406,0,1
340431120.0,0,1,0,1,0,0,0,0,0,1,0,1,1,1,6,712,2910,0,1
341086566.0,1,1,1,1,1,1,1,0,1,0,1,1,1,0,11,713,2104,0,1
954520005.0,0,1,1,1,1,0,0,1,1,1,1,1,1,0,10,714,2155,0,2
340925288.0,0,1,1,1,1,0,1,0,0,0,0,1,0,0,6,715,2286,0,3
340431156.0,0,1,0,1,0,0,0,1,0,1,1,1,0,0,6,716,2734,0,3
954520012.0,0,0,0,1,1,0,1,0,1,0,0,1,0,0,5,717,2045,0,1
341088103.0,0,0,1,1,0,1,1,1,1,0,0,0,1,0,7,718,2674,0,3
340431125.0,1,0,0,0,1,0,0,1,1,1,1,0,1,1,8,719,2168,0,3
340433017.0,1,0,1,1,0,1,0,0,1,0,1,0,1,1,8,720,2210,0,2
1061927275.0,1,0,1,0,1,1,0,1,0,1,0,0,0,1,7,721,2371,0,1
954520043.0,0,0,1,0,1,1,0,0,0,1,0,1,0,0,5,722,2002,0,2
949125516.0,0,0,1,0,1,1,0,0,1,1,0,0,1,1,7,723,2064,0,1
344315157.0,1,0,1,0,0,0,1,1,1,0,0,0,0,0,5,724,2574,0,1
344315111.0,1,0,0,0,1,0,1,0,1,0,0,1,0,1,6,725,2376,0,2
340930825.0,1,0,0,1,1,1,0,1,0,0,0,0,0,1,6,726,2709,0,2
340892013.0,1,1,0,0,1,1,1,1,0,0,1,1,0,0,8,727,2901,0,2
340902009.0,1,0,0,1,0,1,1,1,0,0,0,0,1,0,6,728,2129,0,1
341104043.0,0,1,0,1,0,1,1,0,0,0,0,1,0,0,5,729,2989,0,2
970710751.0,1,0,1,1,0,1,0,1,1,1,1,1,0,1,10,730,2979,0,2
954519965.0,0,0,1,0,0,0,1,0,1,1,0,0,0,0,4,731,2943,0,3
341086553.0,0,1,0,0,0,0,1,1,1,0,1,1,1,0,7,732,2587,0,2
970272316.0,0,0,1,0,1,0,1,0,0,0,1,0,0,1,5,733,2444,0,1
341550891.0,0,0,1,1,1,1,0,0,0,0,0,0,1,0,5,734,2637,0,3
340902073.0,1,1,1,0,1,1,1,0,1,1,1,0,0,0,9,735,2511,0,3
340433086.0,0,1,0,0,1,0,1,0,0,0,1,1,0,0,5,736,2508,0,2
340902053.0,1,1,1,1,1,0,1,1,1,0,1,0,1,0,10,737,2469,0,2
340431139.0,1,0,0,0,0,1,1,0,0,1,1,0,1,0,6,738,2609,0,1
969973764.0,0,1,1,0,1,1,0,0,0,1,0,1,0,1,7,739,2267,0,1
343308577.0,0,1,1,1,1,0,0,1,0,0,0,1,0,1,7,740,2371,0,1
341088085.0,1,1,1,0,0,1,0,0,1,0,0,1,1,0,7,741,2754,0,2
340887993.0,1,1,1,1,0,0,1,0,0,0,0,1,1,0,7,742,2874,0,2
954519985.0,0,0,0,1,1,1,0,0,0,1,0,1,0,0,5,743,2572,0,2
340432968.0,1,0,0,0,1,1,1,1,0,1,0,1,1,0,8,744,2408,0,1
341533067.0,1,1,1,1,1,0,0,0,0,1,1,1,0,0,8,745,2616,0,3
342412392.0,0,1,1,0,0,0,1,0,0,0,0,0,1,1,5,746,2586,0,2
340930842.0,0,1,1,1,1,1,0,1,1,0,0,0,1,0,8,747,2630,0,2
340431106.0,1,0,0,1,0,1,0,1,1,0,1,1,1,0,8,748,2232,1,1
340938557.0,0,1,0,1,0,0,0,1,1,1,1,1,1,1,9,749,2507,0,1
341100727.0,0,0,1,0,0,0,0,1,0,1,1,0,0,1,5,750,2491,0,3
1061705995.0,0,1,1,0,1,1,0,0,1,1,1,1,1,0,9,751,2762,0,3
340431184.0,1,1,0,1,1,0,0,0,1,1,1,0,1,1,9,752,2516,0,2
340930835.0,0,1,1,1,0,1,1,1,1,1,1,1,0,1,11,753,2023,0,1
340432946.0,1,0,1,0,0,1,1,0,1,1,1,1,1,0,9,754,2878,0,2
341086538.0,1,1,1,0,0,1,0,1,1,1,0,1,1,0,9,755,2035,0,1
340554655.0,0,0,0,0,0,0,1,0,1,0,0,1,1,0,4,756,2647,0,3
341086560.0,0,0,0,1,0,0,0,1,1,1,1,0,1,1,7,757,2209,0,3
341086583.0,1,0,0,0,0,0,0,1,1,1,1,1,0,1,7,758,2466,0,1
341088080.0,1,0,1,0,0,1,1,1,0,1,1,0,1,0,8,759,2125,0,3
948881403.0,0,1,0,1,1,0,0,1,1,0,0,1,1,1,8,760,2340,0,1
344321162.0,0,1,1,1,0,0,0,1,0,0,0,0,1,0,5,761,2587,0,3
344315182.0,1,1,1,0,0,1,0,0,0,1,0,0,0,1,6,762,2564,0,2
342243501.0,1,1,0,0,0,0,1,1,0,1,1,1,1,0,8,763,2121,0,1
341542039.0,1,1,0,1,0,1,1,0,0,1,1,0,1,1,9,764,2624,0,2
340432953.0,1,1,0,1,1,1,1,0,0,1,0,1,0,1,9,765,2935,0,1
344315163.0,0,0,1,0,0,1,1,0,0,0,1,1,1,1,7,766,2703,0,1
341613283.0,0,1,0,0,1,0,0,1,0,1,0,0,1,1,6,767,2311,0,1
340432934.0,0,0,0,1,1,1,0,1,1,1,0,0,1,1,8,768,2087,0,3
341081889.0,0,0,0,0,0,0,1,1,1,0,1,1,1,1,7,769,2092,0,2
340431138.0,1,1,0,0,0,1,1,1,1,0,0,1,0,0,7,770,2776,0,3
1061705988.0,1,1,0,0,0,0,0,0,1,0,1,0,1,0,5,771,2564,0,1
969973760.0,0,1,0,0,1,0,0,1,0,1,1,0,1,0,6,772,2613,0,1
969561568.0,0,0,1,1,0,1,1,1,1,0,0,1,0,0,7,773,2924,0,3
341634276.0,0,1,1,0,0,1,1,0,0,0,0,0,1,1,6,774,2537,0,2
487947981.0,1,1,1,1,0,1,0,0,0,1,0,0,1,1,8,775,2957,0,1
340901996.0,0,0,1,0,0,1,0,0,1,0,0,1,0,0,4,776,2058,0,2
954519986.0,0,1,1,1,0,1,1,1,0,1,0,1,1,0,9,777,2559,0,1
340909939.0,1,1,1,0,1,1,1,0,0,0,1,1,1,0,9,778,2452,0,3
1061705960.0,1,1,1,1,1,1,1,0,1,1,0,0,0,1,10,779,2856,0,1
343313401.0,0,0,0,1,1,0,1,0,0,0,1,0,1,0,5,780,2202,0,2
340930818.0,0,0,0,0,0,1,1,1,1,0,1,0,0,0,5,781,2370,0,3
340433010.0,0,0,0,1,0,0,1,0,0,0,0,1,1,0,4,782,2768,0,1
340938571.0,0,1,0,0,1,1,0,0,1,0,0,0,0,0,4,783,2863,0,2
340432926.0,1,0,0,1,0,1,0,0,0,0,1,0,0,1,5,784,2595,0,2
1061706002.0,0,1,0,1,0,1,0,0,0,1,1,1,1,1,8,785,2260,0,1
969561542.0,1,0,0,0,0,1,0,0,1,0,1,0,1,1,6,786,2469,0,1
970168925.0,1,1,1,1,0,1,0,0,0,0,1,0,1,1,8,787,2216,0,3
341571509.0,0,0,1,1,0,1,1,0,1,0,1,0,0,0,6,788,2968,0,1
341242726.0,0,1,1,1,0,1,1,1,0,0,1,1,0,1,9,789,2372,0,2
341088067.0,0,0,1,1,1,0,1,1,0,1,1,0,0,0,7,790,2503,0,3
340930850.0,1,1,0,1,1,1,0,1,1,0,1,0,1,0,9,791,2624,0,2
340429986.0,0,0,0,0,0,1,0,1,0,1,1,0,0,1,5,792,2450,0,2
1061705993.0,1,0,1,1,1,0,0,1,0,0,1,1,0,0,7,793,2209,0,2
341086550.0,0,0,0,0,0,1,1,0,1,1,1,0,0,0,5,794,2418,0,1
341199224.0,1,0,0,0,0,1,0,0,1,0,0,1,0,1,5,795,2916,0,3
340925304.0,0,0,0,0,0,1,0,1,1,0,1,0,1,1,6,796,2618,0,3
341086515.0,0,1,1,0,0,0,1,1,1,0,1,0,1,1,8,797,2590,0,1
341121095.0,1,0,0,1,0,0,0,1,0,0,0,0,1,0,4,798,2930,0,3
341121104.0,0,0,0,0,0,0,0,1,1,0,0,1,0,0,3,799,2520,0,1
969973758.0,1,1,0,0,1,1,1,0,1,0,0,1,1,0,8,800,2536,0,3
970710749.0,1,1,1,0,0,1,1,1,1,0,0,1,0,0,8,801,2838,0,1
341100389.0,1,1,1,0,0,1,1,0,0,1,0,1,1,1,9,802,2267,0,2
340928533.0,1,1,1,1,0,1,1,1,1,1,0,1,0,0,10,803,2737,0,3
948719088.0,1,0,0,1,0,0,1,0,1,1,0,0,0,1,6,804,2265,0,3
341623831.0,0,1,1,0,0,0,1,1,0,1,0,1,0,0,6,805,2936,0,2
341088496.0,1,1,0,1,1,1,1,0,1,1,1,0,1,0,10,806,2467,0,3
344308954.0,1,0,0,1,1,0,1,0,0,1,1,1,0,1,8,807,2058,0,1
340930844.0,1,0,0,0,1,1,1,0,1,1,0,0,0,0,6,808,2520,0,3
341105265.0,1,0,0,1,1,0,1,0,0,0,0,1,0,1,6,809,2991,0,1
341542058.0,0,0,0,1,1,1,0,0,1,0,0,1,1,1,7,810,2175,0,1
340938545.0,1,0,0,1,1,1,1,1,0,1,1,0,1,0,9,811,2464,0,3
969973768.0,1,1,0,1,0,1,1,0,0,0,0,1,1,1,8,812,2721,0,2
341103357.0,1,0,1,0,1,1,0,0,1,1,0,0,1,0,7,813,2035,0,3
1061705931.0,0,0,0,0,1,0,1,1,0,0,0,1,1,0,5,814,2653,0,1
1098718167.0,1,1,1,1,0,0,1,1,1,1,0,1,1,1,11,815,2387,0,2
341122512.0,0,0,0,1,1,0,1,1,1,0,0,0,1,0,6,816,2186,0,1
969973733.0,1,1,1,0,0,0,0,0,1,0,0,1,1,1,7,817,2764,0,3
954520042.0,1,0,0,0,0,1,1,0,1,1,0,1,1,0,7,818,2811,0,1
340926514.0,1,1,0,0,1,1,0,0,0,0,1,0,1,0,6,819,2240,0,3
341088072.0,0,1,1,0,0,1,0,0,0,1,1,1,1,1,8,820,2189,1,1
340432969.0,0,0,1,0,1,1,0,0,1,0,1,1,0,1,7,821,2761,0,1
340431664.0,1,1,1,1,0,1,0,1,1,1,1,0,0,1,10,822,2890,0,2
1061706055.0,0,1,1,1,0,1,0,0,1,1,0,0,0,1,7,823,2289,0,2
340902004.0,0,1,0,1,1,1,0,0,0,1,1,0,1,0,7,824,2746,0,1
340892672.0,1,0,0,1,1,1,0,0,1,0,0,1,0,1,7,825,2207,0,3
342242850.0,1,0,0,1,1,0,1,1,1,0,0,0,1,1,8,826,2293,0,2
340432960.0,1,1,1,1,1,0,1,0,0,1,1,1,1,1,11,827,2712,0,3
341099268.0,1,1,0,1,0,1,0,1,0,0,0,1,1,0,7,828,2496,0,3
341542049.0,0,1,1,0,0,0,1,1,1,1,1,0,1,1,9,829,2256,0,1
341104030.0,0,0,0,0,1,0,0,1,1,0,0,0,0,1,4,830,2167,0,2
1061927268.0,0,0,1,1,0,1,1,1,1,0,1,0,0,1,8,831,2808,0,1
341544858.0,0,1,1,0,1,0,0,0,0,1,0,1,0,1,6,832,2969,0,2
970172727.0,1,1,1,0,0,1,0,1,0,0,0,0,1,0,6,833,2975,0,3
341571477.0,1,0,1,0,0,0,1,0,0,0,0,0,0,1,4,834,2557,0,3
340905943.0,0,0,1,1,0,0,0,0,1,1,1,0,0,0,5,835,2690,0,2
344329225.0,1,0,0,1,1,1,0,1,0,0,1,0,0,1,7,836,2607,0,2
340432945.0,1,0,1,0,1,0,0,1,0,1,1,1,0,1,8,837,2531,0,2
340431099.0,1,0,1,0,1,1,0,1,1,0,1,1,1,1,10,838,2336,0,3
340939010.0,0,1,0,1,1,0,0,1,1,0,0,1,1,1,8,839,2726,0,1
1058759286.0,0,1,0,1,1,1,1,0,0,0,1,0,1,0,7,840,2563,0,3
341086574.0,0,0,0,0,0,0,0,0,1,0,1,1,1,0,4,841,2912,0,2
344360921.0,1,1,0,1,1,1,1,1,0,0,1,1,0,0,9,842,2067,0,3
341088087.0,0,1,0,1,1,1,0,0,1,0,0,1,1,0,7,843,2608,0,3
343314875.0,1,1,0,1,0,1,1,0,0,1,0,1,1,1,9,844,2285,0,1
344321158.0,1,0,0,1,0,0,1,0,0,0,1,0,1,1,6,845,2300,0,3
340431109.0,1,1,0,1,1,1,0,0,1,1,1,0,0,1,9,846,2416,0,2
969973721.0,1,1,1,1,1,1,0,0,0,1,1,1,0,1,10,847,2244,0,2
340901997.0,0,0,1,0,0,0,0,1,1,0,1,1,1,0,6,848,2184,0,2
970170442.0,0,1,1,1,0,0,0,1,0,0,1,1,0,1,7,849,2053,0,3
341088070.0,1,1,0,0,1,0,0,0,0,1,1,0,1,1,7,850,2354,0,3
340892668.0,1,0,0,1,1,1,0,1,1,1,0,0,0,0,7,851,2482,0,3
341550887.0,0,1,1,0,1,0,0,0,1,1,0,1,0,0,6,852,2855,0,3
343308588.0,0,1,1,0,0,1,0,0,0,1,1,1,1,1,8,853,2238,0,3
1061706024.0,1,0,0,0,0,1,0,0,1,1,1,1,0,1,7,854,2075,0,2
340431166.0,1,0,1,0,0,1,1,0,0,1,1,0,0,1,7,855,2141,0,1
341105269.0,0,0,0,1,1,0,0,0,0,1,1,0,1,0,5,856,2103,0,2
341099221.0,1,0,0,0,1,1,0,0,1,0,1,0,1,1,7,857,2494,0,2
341100392.0,1,0,1,0,1,1,1,1,0,0,0,1,1,1,9,858,2881,0,3
341121089.0,1,0,1,0,1,0,1,0,1,1,0,1,1,1,9,859,2354,0,3
977331956.0,1,0,1,0,0,1,1,0,0,1,0,1,0,0,6,860,2642,0,2
340554650.0,1,0,1,0,1,0,0,1,0,0,0,0,0,1,5,861,2018,0,2
341109207.0,0,1,1,0,0,0,0,1,1,1,1,1,0,1,8,862,2647,0,2
340431130.0,1,0,0,1,0,1,0,0,0,0,1,0,1,1,6,863,2980,0,2
1061706012.0,1,0,0,0,0,1,1,1,0,1,1,1,1,0,8,864,2511,0,1
341086551.0,1,0,0,1,0,0,1,0,1,1,0,0,1,1,7,865,2380,0,2
344315159.0,0,0,0,0,1,0,0,0,0,0,1,1,0,1,4,866,2412,0,3
969561544.0,0,0,1,0,0,1,1,0,0,1,1,1,0,1,7,867,2492,0,3
341268267.0,1,0,1,0,0,0,0,0,0,1,1,0,0,0,4,868,2033,0,3
340887991.0,0,0,1,0,1,1,1,1,0,1,1,0,1,1,9,869,2441,0,2
342412605.0,0,0,0,1,1,1,0,1,1,0,0,1,1,1,8,870,2331,0,2
342411620.0,0,1,0,1,0,0,0,1,1,0,0,0,1,0,5,871,2338,0,2
948881404.0,1,1,0,0,1,1,1,0,1,1,1,0,1,1,10,872,2894,0,2
949125519.0,1,1,0,0,0,0,1,0,1,1,0,1,1,1,8,873,2029,0,3
344320592.0,0,1,1,1,0,1,0,1,0,0,1,1,0,0,7,874,2565,0,2
340902036.0,1,0,0,1,1,1,1,1,1,0,1,1,0,0,9,875,2131,0,3
343316633.0,1,1,1,1,0,0,1,1,0,1,0,0,0,0,7,876,2372,0,3
341099223.0,0,0,1,1,1,0,1,0,0,1,0,0,1,1,7,877,2192,0,3
341319712.0,1,1,0,0,0,1,1,0,1,1,1,0,1,0,8,878,2513,0,3
1061705999.0,0,1,1,0,0,0,0,0,0,0,1,1,1,0,5,879,2518,0,1
1098717729.0,1,0,0,0,0,1,0,1,0,1,0,0,1,0,5,880,2735,0,2
340902025.0,1,0,1,1,0,1,0,0,0,1,0,1,0,0,6,881,2885,0,2
966471807.0,0,1,0,0,1,1,1,0,1,1,1,1,0,1,9,882,2311,0,1
341121114.0,1,1,1,0,1,0,1,0,0,0,1,1,0,1,8,883,2872,0,3
1231381225.0,0,0,0,0,0,1,1,0,1,0,0,1,1,1,6,884,2184,0,1
340925284.0,0,1,0,0,1,0,0,1,1,1,1,0,1,0,7,885,2673,0,1
340892679.0,1,0,0,1,0,1,1,0,0,0,0,0,1,0,5,886,2264,0,3
341121098.0,1,1,1,1,0,0,0,1,1,1,0,1,1,1,10,887,2697,0,1
970710748.0,0,0,1,1,1,1,0,0,1,0,0,0,1,0,6,888,2898,0,3
340433061.0,1,1,1,0,1,1,0,1,0,0,0,1,0,0,7,889,2406,0,3
340432936.0,0,1,1,0,0,1,1,1,1,1,0,1,0,1,9,890,2748,0,2
340930823.0,0,1,1,0,0,1,0,1,1,0,0,0,1,0,6,891,2105,0,1
340554308.0,0,1,1,0,0,0,0,0,0,1,0,1,1,1,6,892,2499,0,3
340888213.0,0,0,0,1,1,1,1,0,1,1,0,1,1,1,9,893,2114,0,2
340429976.0,0,1,0,0,0,1,0,0,0,1,0,0,0,1,4,894,2291,0,2
1116532807.0,0,1,1,0,0,0,0,1,1,0,1,1,1,1,8,895,2904,0,3
341105274.0,0,1,0,1,0,1,1,0,0,0,1,1,0,1,7,896,2602,0,1
341557974.0,0,1,1,0,1,0,0,0,1,1,1,0,1,0,7,897,2525,0,2
341109194.0,1,0,0,0,1,1,1,0,1,0,0,0,0,0,5,898,2043,0,2
340938529.0,1,1,0,1,0,1,0,0,0,0,0,1,0,1,6,899,2733,0,1
341088511.0,1,0,0,0,0,0,0,1,1,1,1,1,0,0,6,900,2492,0,1
341086554.0,0,0,1,1,1,1,1,0,1,1,1,0,0,0,8,901,2060,0,1
340905805.0,0,1,0,0,1,1,0,1,1,1,1,0,0,1,8,902,2012,0,1
340902057.0,1,0,1,0,1,0,1,0,1,0,0,0,0,1,6,903,2491,0,3
1061927277.0,0,1,1,1,0,0,1,1,1,1,0,1,0,1,9,904,2015,0,2
970038747.0,1,0,0,0,1,1,1,1,0,1,0,1,0,0,7,905,2878,0,2
341104025.0,1,1,0,0,1,0,1,0,0,1,1,0,1,0,7,906,2441,0,1
966471813.0,0,0,0,0,0,1,0,1,0,0,1,1,0,1,5,907,2991,0,2
340429954.0,1,0,0,0,0,0,0,0,1,1,1,1,1,0,6,908,2174,0,2
954519974.0,0,0,0,1,0,0,0,1,1,1,0,1,1,1,7,909,2961,0,2
340938995.0,0,1,1,0,0,1,1,1,0,1,1,1,0,1,9,910,2151,0,3
344315165.0,1,0,1,1,0,1,0,0,1,0,1,0,1,1,8,911,2656,0,1
340429987.0,1,0,1,1,0,1,0,0,0,1,1,0,0,0,6,912,2367,0,3
340905898.0,0,0,1,1,1,0,1,1,1,1,1,1,0,1,10,913,2802,0,2
341121088.0,1,1,0,1,1,1,1,0,1,0,0,0,0,1,8,914,2014,0,3
341101418.0,1,1,0,0,0,1,1,0,0,0,0,1,1,1,7,915,2230,0,2
341088090.0,1,1,0,0,1,0,1,1,0,0,1,1,0,1,8,916,2775,0,2
340433030.0,0,0,0,0,0,0,0,1,0,1,1,0,0,0,3,917,2084,0,3
969828193.0,1,1,1,1,1,0,1,1,1,0,1,1,1,0,11,918,2992,0,2
340925289.0,1,0,1,1,1,1,0,0,1,0,0,0,0,0,6,919,2247,0,2
340925332.0,0,1,1,1,1,0,1,1,0,0,0,0,0,1,7,920,2239,0,3
341105258.0,1,0,1,1,1,0,1,0,1,0,1,0,1,1,9,921,2979,0,1
340432924.0,1,1,1,1,1,1,1,0,0,0,1,0,0,0,8,922,2683,0,3
340433045.0,0,1,1,0,1,1,1,0,0,1,0,1,1,0,8,923,2055,0,2
341088071.0,0,1,1,0,0,0,1,1,1,0,1,0,1,0,7,924,2146,0,3
1061705938.0,0,0,1,0,1,1,1,1,0,0,1,1,1,1,9,925,2115,0,1
340925312.0,0,1,0,0,1,1,1,1,1,0,1,1,1,0,9,926,2837,0,2
341098974.0,0,0,1,0,0,1,1,0,0,0,0,1,1,1,6,927,2989,0,1
340930824.0,0,0,0,0,0,1,0,0,0,1,1,0,1,1,5,928,2404,0,2
341086532.0,1,1,1,0,1,0,1,0,0,0,1,0,0,1,7,929,2339,0,2
340938527.0,1,1,0,1,0,1,1,1,0,1,0,1,1,1,10,930,2445,0,3
344320586.0,0,1,1,0,0,0,0,0,1,0,0,0,1,0,4,931,2406,0,1
977331954.0,1,1,1,1,1,0,1,0,0,0,1,0,0,0,7,932,2175,0,2
969273957.0,1,1,0,1,0,1,1,0,0,0,0,1,0,1,7,933,2218,0,2
340925302.0,0,0,1,0,1,1,1,1,0,1,1,0,0,1,8,934,2742,0,3
1098717726.0,0,0,1,0,0,1,1,0,0,1,1,1,0,1,7,935,2859,0,2
341088110.0,1,0,0,0,0,1,0,1,0,1,1,0,1,1,7,936,2131,0,3
344315195.0,0,1,1,1,0,1,1,0,1,1,1,1,1,0,10,937,2264,0,1
340431100.0,0,1,0,0,0,1,1,0,0,0,1,1,1,1,7,938,2145,0,3
1061927282.0,0,1,0,0,0,1,1,0,0,1,1,0,1,0,6,939,2314,0,2
1061706000.0,0,1,1,1,1,0,0,0,0,1,1,0,0,0,6,940,2466,0,1
341343845.0,0,0,0,0,1,1,0,1,0,1,0,0,1,1,6,941,2354,0,1
969973736.0,0,0,0,1,1,1,0,1,1,1,0,0,1,1,8,942,2977,0,1
340429968.0,0,0,1,0,0,0,0,0,0,1,0,1,1,1,5,943,2093,0,2
340950148.0,1,1,1,0,1,0,1,1,1,1,1,1,1,0,11,944,2497,0,2
341099227.0,1,0,0,1,1,1,0,1,0,1,1,0,1,1,9,945,2284,0,3
341387635.0,1,0,1,0,1,1,0,1,0,1,1,1,0,0,8,946,2006,0,1
341571488.0,0,1,1,0,0,0,0,0,0,0,1,0,0,1,4,947,2090,0,3
970038749.0,0,0,0,0,1,1,1,1,0,1,0,1,0,0,6,948,2051,1,3
340888005.0,1,1,1,1,1,1,1,0,0,1,0,1,1,0,10,949,2748,0,2
340901979.0,0,0,0,1,0,0,0,0,1,1,1,1,0,1,6,950,2388,0,2
1061705965.0,1,1,0,1,0,0,1,0,1,0,0,0,0,0,5,951,2191,0,1
341099264.0,0,1,0,1,1,0,1,0,0,0,0,0,1,1,6,952,2042,0,3
340938544.0,1,0,1,1,1,1,1,0,1,1,1,0,0,1,10,953,2928,0,2
970038746.0,0,0,0,1,1,0,1,0,1,1,0,1,1,1,8,954,2406,0,3
341088494.0,1,1,0,1,1,1,0,0,1,1,0,1,1,0,9,955,2400,0,2
341550895.0,1,1,0,0,0,1,0,1,1,0,1,0,1,1,8,956,2223,0,1
340431657.0,0,1,1,1,0,0,0,0,1,0,1,0,0,0,5,957,2372,0,2
954520016.0,1,1,0,1,1,0,1,1,0,1,1,0,0,1,9,958,2448,0,3
966471798.0,1,0,1,0,1,1,1,1,1,0,0,0,0,0,7,959,2024,0,3
340433004.0,0,0,0,0,1,1,0,0,1,0,0,1,1,1,6,960,2209,0,3
966471795.0,0,0,1,0,0,0,1,1,1,1,0,1,0,1,7,961,2087,0,3
341100733.0,1,1,1,1,0,0,1,0,0,0,1,0,1,1,8,962,2622,0,2
970172729.0,1,1,0,0,0,1,1,0,1,1,0,1,0,0,7,963,2178,0,3
340925329.0,0,0,0,0,0,0,1,0,0,0,0,1,0,1,3,964,2595,0,1
341101412.0,0,1,1,1,0,0,1,0,0,1,1,0,1,0,7,965,2192,0,1
340430011.0,0,1,1,0,0,1,0,1,1,0,1,1,0,0,7,966,2105,0,3
340431161.0,0,1,1,1,0,1,0,1,0,1,0,1,0,0,7,967,2303,0,1
340938591.0,0,0,1,1,1,0,0,0,1,0,0,1,0,0,5,968,2585,0,2
341550898.0,0,1,1,1,0,1,0,0,0,1,0,1,1,1,8,969,2062,0,3
1098718094.0,1,1,0,0,0,0,1,1,1,1,0,1,1,1,9,970,2057,0,1
340890947.0,1,1,0,1,1,1,1,0,0,1,0,1,1,1,10,971,2983,0,3
344315152.0,1,1,0,0,1,1,1,1,1,1,0,0,1,0,9,972,2468,0,1
340902023.0,1,0,0,1,0,0,1,0,0,0,1,0,1,1,6,973,2881,0,2
341343846.0,0,0,1,1,1,0,1,1,1,1,0,0,0,1,8,974,2507,0,3
969561572.0,1,1,1,1,0,0,0,0,1,0,0,0,0,0,5,975,2854,0,1
954520041.0,1,1,1,0,1,1,0,0,0,1,0,1,1,1,9,976,2487,0,2
341086577.0,0,1,1,0,0,0,0,1,0,0,1,0,1,0,5,977,2719,0,2
341100729.0,0,1,1,0,1,0,0,0,0,0,1,0,1,0,5,978,2882,0,2
341099226.0,0,1,1,0,0,0,1,1,1,1,1,0,0,0,7,979,2759,0,1
1061927263.0,0,0,0,0,1,0,1,1,0,0,1,1,0,1,6,980,2183,0,2
1061705994.0,1,1,1,1,0,0,0,1,0,1,1,0,1,0,8,981,2524,0,2
341101436.0,1,1,0,0,0,0,1,1,0,0,0,0,1,0,5,982,2238,0,2
340930838.0,0,1,0,1,0,0,0,1,1,1,0,0,1,1,7,983,2290,0,1
340890868.0,1,1,0,0,0,0,0,1,1,1,0,1,1,0,7,984,2692,0,1
341101408.0,0,1,1,1,1,1,0,0,1,1,0,1,0,1,9,985,2113,0,1
341088114.0,0,1,0,0,0,0,1,1,0,1,0,1,1,1,7,986,2715,0,2
340938546.0,0,1,1,1,0,0,0,1,0,0,1,0,0,1,6,987,2165,0,2
340433029.0,0,0,0,0,0,1,1,0,0,0,0,0,0,0,2,988,2857,0,1
342242851.0,0,0,1,0,1,0,0,1,0,1,1,0,1,1,7,989,2941,0,3
340432939.0,1,0,1,0,1,0,1,1,0,0,0,0,1,0,6,990,2174,0,3
344321156.0,1,0,1,1,0,0,0,1,0,0,1,1,1,1,8,991,2663,0,3
340938598.0,1,1,1,0,0,1,0,0,1,0,0,1,1,0,7,992,2069,0,3
966471794.0,0,0,1,0,1,1,0,1,1,1,1,0,1,0,8,993,2543,0,2
344328158.0,1,1,1,0,1,0,0,1,1,1,1,1,1,0,10,994,2543,0,1
342413011.0,1,0,1,1,1,0,1,0,1,0,1,1,1,1,10,995,2310,0,2
340938584.0,1,1,0,1,1,1,0,0,0,0,1,1,0,1,8,996,2329,0,2
340554404.0,0,1,0,1,1,1,1,0,1,1,1,1,1,0,10,997,2922,0,2
343423959.0,0,0,1,1,1,0,0,0,1,1,0,0,0,1,6,998,2522,0,2
341537203.0,1,0,1,1,0,0,0,1,1,1,0,1,1,0,8,999,2006,0,1
340925276.0,0,0,0,1,1,0,1,1,0,0,0,0,1,1,6,1000,2584,0,2
340431119.0,0,0,0,1,0,1,0,1,1,1,1,0,1,1,8,1001,2269,0,1
341088514.0,0,0,0,1,1,0,1,0,1,0,1,1,0,0,6,1002,2018,0,3
969561548.0,1,1,1,0,1,0,0,1,1,1,0,0,1,0,8,1003,2302,0,2
341542040.0,1,0,0,1,1,1,0,0,0,0,0,0,0,0,4,1004,2622,0,2
970438927.0,0,0,1,0,0,0,1,1,0,1,1,0,0,0,5,1005,2796,0,1
340552951.0,0,1,0,0,0,0,0,0,1,0,1,0,1,1,5,1006,2545,0,3
340938522.0,1,1,0,1,1,1,1,1,0,1,0,1,1,0,10,1007,2089,0,2
340431135.0,1,1,1,1,0,1,1,0,1,0,0,1,0,0,8,1008,2893,0,2
340905881.0,0,0,0,0,1,0,1,1,1,0,0,0,1,0,5,1009,2428,0,3
341088089.0,0,0,1,0,0,0,1,0,1,0,1,1,0,1,6,1010,2819,0,1
969273958.0,0,1,1,0,1,1,1,1,1,0,0,1,0,1,9,1011,2063,0,3
340902059.0,1,0,1,1,1,1,1,0,1,0,1,0,1,0,9,1012,2505,0,2
340922921.0,0,0,0,1,0,0,0,1,1,0,0,1,0,0,4,1013,2535,0,1
969561530.0,1,0,0,1,1,0,0,0,1,0,1,0,1,1,7,1014,2410,0,2
340431190.0,0,0,0,1,0,1,0,0,0,1,1,1,1,1,7,1015,2098,0,2
341109209.0,1,0,1,0,1,1,0,1,1,0,0,0,0,0,6,1016,2273,0,3
340938596.0,0,1,1,0,0,1,1,0,0,1,0,1,1,1,8,1017,2104,0,3
340432961.0,1,1,0,1,1,1,0,1,1,0,1,0,1,1,10,1018,2487,0,1
341542042.0,0,0,0,0,1,1,0,0,0,1,1,1,1,1,7,1019,2428,0,3
341550897.0,1,1,1,1,0,0,0,0,0,0,0,0,0,0,4,1020,2631,0,3
340431142.0,0,0,0,1,0,0,0,1,0,0,1,0,0,1,4,1021,2429,0,1
1116532808.0,0,1,1,1,0,0,0,0,1,0,0,1,0,0,5,1022,2551,0,2
341086530.0,1,1,0,0,0,0,0,1,1,1,1,1,1,0,8,1023,2116,0,3
971299812.0,0,1,1,1,1,0,1,0,0,1,0,0,0,0,6,1024,2659,0,2
341088078.0,1,1,1,0,1,0,0,0,0,0,1,1,0,0,6,1025,2488,0,2
341121087.0,1,1,0,0,1,1,0,0,1,1,1,1,1,0,9,1026,2456,0,3
340901999.0,0,1,1,1,0,1,0,0,0,1,0,0,0,1,6,1027,2551,0,3
340552974.0,0,1,1,1,0,0,0,0,1,1,0,1,0,1,7,1028,2321,0,1
340888206.0,0,0,0,0,0,1,1,1,1,1,0,0,1,1,7,1029,2618,0,3
340433063.0,0,0,1,1,1,1,1,1,1,0,0,0,0,0,7,1030,2431,0,2
342390400.0,1,1,1,1,0,1,1,0,1,0,0,0,1,0,8,1031,2492,0,2
340432978.0,1,0,1,1,0,0,0,0,1,0,1,0,1,1,7,1032,2433,0,2
341550899.0,0,0,1,1,1,1,0,0,1,1,0,0,0,1,7,1033,2511,0,2
340429988.0,1,0,1,1,1,1,1,1,0,0,1,1,0,0,9,1034,2147,0,1
1061705998.0,1,0,1,1,0,1,0,0,0,1,1,1,1,1,9,1035,2273,0,1
340431662.0,1,1,1,0,0,0,1,0,0,1,1,1,1,0,8,1036,2233,0,2
340432986.0,0,1,1,0,0,1,1,0,1,0,0,0,1,1,7,1037,2214,0,2
340432983.0,0,1,0,1,1,0,0,1,0,0,0,0,1,0,5,1038,2531,0,3
341100737.0,1,0,0,0,0,1,1,0,1,0,1,0,1,0,6,1039,2193,0,3
341121101.0,1,0,1,0,0,0,1,0,1,1,1,0,0,0,6,1040,2147,0,1
340888215.0,1,1,0,0,1,1,0,1,1,1,1,0,1,0,9,1041,2784,0,2
340552887.0,1,0,1,0,1,0,1,0,1,1,0,0,0,0,6,1042,2984,0,2
341623823.0,0,0,0,0,1,1,0,1,0,1,1,1,1,0,7,1043,2540,0,2
340938537.0,0,0,0,0,0,1,0,1,1,1,1,0,1,0,6,1044,2696,0,3
954520004.0,0,0,0,0,0,1,1,0,0,1,0,1,1,0,5,1045,2431,0,1
340902028.0,1,1,0,0,1,1,1,0,1,0,1,1,0,0,8,1046,2895,0,1
341088513.0,0,1,0,0,1,1,1,1,0,1,1,1,1,0,9,1047,2398,0,3
341544846.0,1,1,0,0,1,0,0,1,0,0,1,0,0,1,6,1048,2365,0,3
969561526.0,0,1,0,0,1,1,1,1,0,1,1,1,1,0,9,1049,2992,0,2
340930828.0,1,1,0,1,0,0,0,1,0,0,0,0,0,0,4,1050,2339,0,2
341116375.0,1,0,0,0,1,0,1,0,1,0,1,1,0,0,6,1051,2183,0,1
1231381226.0,1,0,0,1,0,1,1,0,0,0,1,1,1,0,7,1052,2512,0,2
340902044.0,0,0,1,0,0,1,1,1,0,0,1,0,1,0,6,1053,2024,0,3
341086542.0,0,0,1,0,0,0,0,1,1,0,1,1,0,0,5,1054,2343,0,3
341086541.0,0,0,0,1,0,1,1,1,0,1,1,0,1,0,7,1055,2952,0,1
969561561.0,0,1,0,0,0,1,0,0,0,1,0,1,0,0,4,1056,2002,0,2
343313399.0,1,1,0,1,1,1,1,0,0,0,0,0,0,0,6,1057,2645,0,2
1061927286.0,0,0,0,1,0,1,0,1,0,1,0,0,1,0,5,1058,2015,0,1
954519979.0,0,1,0,1,0,0,0,0,1,0,1,0,1,1,6,1059,2032,0,3
340607135.0,0,1,1,1,0,0,1,0,0,1,1,0,1,0,7,1060,2145,0,2
343474341.0,0,1,0,1,1,1,0,0,0,1,1,1,0,0,7,1061,2400,0,1
1061705978.0,1,0,1,0,1,0,0,0,0,0,0,1,1,0,5,1062,2690,0,3
340431114.0,0,0,1,1,1,0,0,1,1,1,0,0,0,0,6,1063,2565,0,2
341101417.0,0,1,1,0,0,1,1,1,0,0,0,1,0,0,6,1064,2537,0,2
966471812.0,1,1,1,0,1,1,0,1,1,0,0,0,0,0,7,1065,2345,0,3
340433079.0,0,1,0,1,0,1,0,0,1,1,0,1,1,1,8,1066,2513,0,3
1043640083.0,1,0,0,1,0,0,1,0,0,1,1,1,1,1,8,1067,2118,0,2
340433047.0,1,0,1,1,0,1,0,1,0,1,0,1,0,0,7,1068,2723,0,3
340890886.0,0,0,0,1,1,0,0,1,1,0,1,1,1,0,7,1069,2967,1,2
340431152.0,0,0,0,0,0,0,1,1,0,1,1,0,1,0,5,1070,2083,0,1
341102660.0,0,0,1,1,0,0,0,1,1,0,1,0,0,0,5,1071,2939,0,3
969561539.0,0,1,1,1,1,0,1,0,0,0,1,1,0,1,8,1072,2427,0,2
340431128.0,1,1,0,0,1,0,1,0,0,1,0,0,1,0,6,1073,2604,0,1
970172731.0,1,0,1,0,1,1,1,0,1,1,0,0,0,0,7,1074,2315,0,3
340433009.0,1,0,1,0,0,1,0,0,1,1,1,1,0,1,8,1075,2454,0,1
341086534.0,1,0,0,0,0,1,1,0,1,0,1,0,0,1,6,1076,2749,0,3
340902058.0,1,0,1,0,1,1,0,0,0,0,1,0,0,0,5,1077,2424,0,1
969973757.0,1,0,0,0,0,1,1,0,0,0,1,1,0,0,5,1078,2117,0,3
340926520.0,0,1,0,0,0,0,1,1,1,0,1,1,1,1,8,1079,2761,0,2
340554652.0,0,1,0,0,0,1,0,1,1,0,0,0,1,1,6,1080,2620,0,2
340938516.0,1,1,1,0,0,1,0,0,0,1,1,1,0,0,7,1081,2237,0,1
341261796.0,1,1,1,1,1,0,0,0,1,0,1,0,0,1,8,1082,2250,0,2
340930859.0,1,1,1,0,1,1,0,0,0,1,1,1,1,1,10,1083,2895,0,3
340902048.0,1,1,0,1,1,0,0,1,0,0,0,0,0,1,6,1084,2255,0,2
341102652.0,0,0,1,0,1,0,1,0,0,0,0,1,0,1,5,1085,2301,0,3
340432972.0,0,0,0,0,0,0,1,0,0,0,0,0,0,1,2,1086,2419,0,3
341104038.0,1,1,1,1,0,1,0,1,1,0,1,1,1,1,11,1087,2795,0,2
1025555839.0,1,0,1,0,0,0,0,1,0,0,0,0,1,1,5,1088,2225,0,3
977331952.0,0,0,1,0,1,0,1,0,1,1,1,0,1,0,7,1089,2976,0,1
340938549.0,0,0,1,0,1,1,0,1,1,1,0,0,0,1,7,1090,2674,0,1
341100385.0,1,1,1,0,1,0,1,0,1,1,0,0,1,0,8,1091,2766,0,2
341088107.0,0,0,1,0,0,0,1,1,1,0,0,1,0,1,6,1092,2530,0,1
341268272.0,1,0,0,0,1,1,1,1,1,1,0,1,0,0,8,1093,2886,0,3
342243499.0,1,1,0,0,0,0,0,0,0,1,1,0,1,1,6,1094,2138,0,2
969561551.0,1,0,1,1,0,1,1,0,1,1,0,0,1,1,9,1095,2225,0,3
344315120.0,1,0,1,1,0,0,0,1,1,0,0,0,0,0,5,1096,2645,0,3
340431110.0,0,1,1,0,1,0,0,1,0,0,0,0,1,0,5,1097,2667,1,3
340928553.0,1,0,0,1,1,1,1,0,1,0,0,0,1,0,7,1098,2284,0,3
340938523.0,1,0,1,0,0,1,0,1,1,0,0,1,1,1,8,1099,2204,0,2
341099233.0,0,0,1,1,0,0,1,1,1,0,1,0,0,0,6,1100,2020,0,2
340922905.0,0,1,1,1,1,0,0,1,1,0,1,1,0,1,9,1101,2657,0,1
341631185.0,1,1,1,1,0,0,1,1,1,0,0,0,0,1,8,1102,2839,0,3
954519988.0,1,0,1,1,0,0,0,1,1,1,1,1,1,1,10,1103,2885,0,2
340429989.0,1,0,0,1,0,1,1,0,0,0,1,0,0,0,5,1104,2320,0,2
954520031.0,0,1,1,1,1,1,0,0,1,1,1,1,0,0,9,1105,2454,0,3
344315201.0,1,0,0,0,1,1,0,0,1,0,0,1,0,0,5,1106,2989,0,3
969561587.0,1,1,1,1,0,0,0,1,0,0,1,1,0,1,8,1107,2177,0,3
341544853.0,1,1,0,0,1,1,0,0,1,1,0,0,1,1,8,1108,2456,0,2
341268255.0,0,0,1,1,1,1,1,0,1,1,0,0,0,1,8,1109,2330,0,3
341125439.0,1,1,0,1,1,0,0,1,0,0,1,0,1,0,7,1110,2203,0,3
340429959.0,0,0,0,0,0,1,1,0,0,0,0,1,0,1,4,1111,2614,0,1
341103374.0,1,1,1,1,1,1,0,0,0,0,0,0,0,0,6,1112,2475,0,3
1061705974.0,0,0,0,1,1,1,0,0,0,0,1,1,1,1,7,1113,2942,0,3
1061706004.0,0,0,0,0,0,1,1,1,0,0,1,1,0,0,5,1114,2649,0,1
344328168.0,0,1,1,0,0,0,0,0,1,0,1,0,0,1,5,1115,2915,0,1
340432938.0,1,0,1,1,1,1,0,0,0,1,0,0,0,1,7,1116,2908,0,2
340938535.0,1,0,1,0,0,1,0,0,0,0,1,0,1,0,5,1117,2629,0,3
969561533.0,1,0,0,0,0,0,0,0,1,1,0,0,1,1,5,1118,2947,0,3
341121102.0,1,1,0,1,0,0,0,1,0,1,1,1,1,0,8,1119,2257,0,2
341121107.0,1,0,1,1,0,0,0,1,1,1,0,1,1,1,9,1120,2452,0,2
340901990.0,1,1,1,1,0,1,0,1,0,1,1,1,1,0,10,1121,2208,0,1
954519993.0,0,1,1,1,1,0,0,1,0,0,0,0,1,0,6,1122,2584,0,3
341102703.0,0,0,1,0,1,0,0,1,1,0,1,0,1,0,6,1123,2202,0,3
1098717487.0,0,0,0,1,1,0,1,0,0,1,0,0,0,0,4,1124,2588,0,3
340431134.0,1,0,0,0,0,0,0,1,1,1,0,0,0,1,5,1125,2760,0,1
341099267.0,0,0,1,0,0,0,1,1,1,0,0,0,0,0,4,1126,2335,0,3
341544851.0,1,0,1,1,0,0,0,1,0,0,0,1,0,0,5,1127,2811,0,1
343313400.0,0,1,0,1,1,0,1,1,1,1,0,1,1,0,9,1128,2430,0,1
1061705980.0,1,1,1,1,0,1,1,1,1,1,0,0,1,1,11,1129,2501,0,1
341613282.0,0,1,1,1,0,1,0,1,1,0,1,1,0,0,8,1130,2080,0,2
340925291.0,1,1,1,1,1,1,1,1,1,1,1,0,0,0,11,1131,2731,0,1
969561571.0,1,1,0,1,0,0,1,1,1,0,0,0,1,1,8,1132,2978,0,2
969828194.0,0,0,1,1,1,1,0,1,1,1,0,1,1,0,9,1133,2246,0,1
1061705979.0,1,1,0,0,1,0,0,1,1,1,1,0,0,0,7,1134,2040,0,2
970169888.0,1,1,1,1,1,1,0,1,1,0,0,0,1,0,9,1135,2346,0,1
341088069.0,0,0,1,0,1,1,1,1,1,0,1,0,1,0,8,1136,2713,0,2
342242853.0,0,1,1,0,0,0,1,0,1,1,1,0,0,1,7,1137,2377,0,1
340429952.0,0,1,0,0,1,1,0,0,1,1,0,1,1,1,8,1138,2599,0,1
340938575.0,0,1,1,1,1,0,1,1,0,0,0,1,1,0,8,1139,2361,0,2
341526424.0,1,1,1,0,1,1,1,1,0,0,1,0,0,1,9,1140,2574,0,1
970710750.0,0,0,0,1,0,1,0,0,1,1,0,0,0,1,5,1141,2834,0,1
341099229.0,1,0,1,0,0,0,0,0,0,1,0,0,0,1,4,1142,2605,0,2
341387637.0,0,0,1,1,0,1,0,0,1,1,0,0,0,0,5,1143,2202,0,2
340938552.0,1,0,1,1,0,1,0,1,1,1,1,1,0,1,10,1144,2266,0,3
340930829.0,1,1,1,1,1,0,1,0,0,0,1,0,0,1,8,1145,2608,0,3
340432912.0,0,1,0,1,1,0,1,0,0,1,0,1,1,1,8,1146,2020,0,3
341101411.0,1,0,0,1,0,1,0,0,0,1,1,0,0,1,6,1147,2669,0,3
1043639070.0,0,1,0,0,0,0,1,1,0,0,0,0,1,0,4,1148,2780,0,3
949125524.0,1,0,1,1,0,1,1,0,0,1,1,1,0,1,9,1149,2898,0,1
340928540.0,1,1,0,1,1,1,0,1,1,1,0,0,0,1,9,1150,2592,0,1
340433008.0,1,1,1,0,0,0,1,1,1,0,0,1,1,0,8,1151,2047,0,2
340431118.0,1,1,0,0,0,1,1,0,1,0,1,1,1,1,9,1152,2899,0,2
340938993.0,0,0,1,0,1,0,1,0,1,0,1,1,1,0,7,1153,2088,0,1
340890873.0,0,1,1,0,1,1,0,1,0,1,1,1,1,0,9,1154,2481,0,1
341109567.0,1,1,1,0,1,1,1,0,0,1,1,0,1,1,10,1155,2560,0,1
341387639.0,1,0,1,1,1,0,0,1,1,1,1,1,0,1,10,1156,2757,0,1
341086514.0,1,0,0,0,0,0,0,0,1,0,1,0,1,1,5,1157,2813,0,1
341634272.0,1,0,0,0,1,0,0,1,0,1,0,0,1,1,6,1158,2326,0,3
341102669.0,1,1,0,0,1,1,0,1,1,1,0,1,0,0,8,1159,2798,0,2
1061706056.0,0,1,1,0,1,1,0,0,1,1,1,1,1,0,9,1160,2597,0,3
342242848.0,0,1,1,0,0,0,1,0,0,1,1,1,1,0,7,1161,2147,0,2
340429970.0,1,1,0,0,1,1,0,1,0,1,1,0,1,1,9,1162,2969,0,1
342242855.0,1,1,1,1,0,0,1,0,0,1,1,0,0,0,7,1163,2581,0,2
344315161.0,1,0,0,1,1,0,0,1,0,0,1,0,0,0,5,1164,2353,0,3
341086573.0,1,0,1,0,0,0,1,0,0,0,1,0,1,0,5,1165,2731,0,3
341287210.0,0,0,0,1,0,0,1,1,0,1,1,1,0,0,6,1166,2250,0,2
340431105.0,1,1,1,1,1,0,1,1,0,0,0,0,1,0,8,1167,2548,0,1
969561586.0,0,0,0,1,0,0,1,0,1,1,1,1,0,0,6,1168,2287,0,3
340892014.0,0,1,1,0,1,0,0,1,0,1,0,0,0,0,5,1169,2239,0,3
1116532806.0,1,0,0,0,0,0,1,0,0,1,1,1,1,1,7,1170,2799,0,3
969561560.0,1,1,0,0,0,1,1,0,1,1,0,1,1,1,9,1171,2744,0,3
341099224.0,1,0,0,1,1,0,0,1,1,0,1,1,0,1,8,1172,2391,0,2
954520017.0,1,1,1,1,0,0,1,1,1,0,1,1,1,1,11,1173,2519,0,3
341623829.0,1,1,0,1,1,1,0,0,1,1,0,1,1,0,9,1174,2927,0,3
340938530.0,0,1,0,0,1,0,1,1,1,1,1,0,0,0,7,1175,2706,0,2
341634273.0,0,1,0,1,1,1,1,0,1,1,0,0,0,1,8,1176,2965,0,3
341961986.0,1,1,1,1,0,1,1,0,1,1,1,0,1,1,11,1177,2488,0,2
344315168.0,0,1,0,1,0,1,1,0,0,0,0,0,0,1,5,1178,2020,0,1
344315193.0,1,1,1,0,1,1,0,1,0,1,0,0,0,0,7,1179,2890,0,1
341531307.0,0,0,0,0,0,0,1,1,0,1,0,1,0,0,4,1180,2478,0,2
1061927271.0,1,1,1,1,0,1,1,0,1,0,0,0,0,0,7,1181,2419,0,2
340902027.0,0,0,1,0,0,0,0,0,0,0,0,1,0,1,3,1182,2814,0,3
341086559.0,0,1,1,1,0,1,1,1,0,1,1,1,1,0,10,1183,2976,0,2
340888001.0,1,1,0,1,0,0,0,0,1,0,1,0,0,1,6,1184,2356,0,2
340890905.0,1,0,0,1,1,0,0,1,1,0,0,0,1,1,7,1185,2886,0,2
340905895.0,1,0,0,0,0,1,1,1,1,1,1,1,0,1,9,1186,2505,0,3
341103379.0,0,1,1,0,0,0,1,1,1,0,1,1,0,0,7,1187,2380,0,1
341103362.0,0,1,0,0,1,0,1,1,1,1,1,0,1,1,9,1188,2487,0,3
340433085.0,1,0,1,1,0,0,0,1,1,1,1,0,0,1,8,1189,2235,0,1
341961959.0,0,1,0,1,1,0,0,0,1,0,0,1,0,1,6,1190,2904,0,2
340930817.0,0,0,1,0,0,0,0,1,1,1,1,0,1,1,7,1191,2243,0,1
340902039.0,0,1,0,0,0,1,0,1,1,0,0,0,1,0,5,1192,2303,0,3
340431108.0,1,1,1,0,0,1,0,0,1,1,0,1,1,0,8,1193,2318,0,2
1061705973.0,0,1,1,0,1,0,0,0,0,0,0,0,1,0,4,1194,2589,0,3
340905928.0,1,0,0,1,0,1,1,1,0,1,1,0,0,1,8,1195,2859,0,1
340430006.0,1,0,1,1,0,1,1,1,0,1,0,1,1,0,9,1196,2087,0,3
340429964.0,1,0,0,0,1,1,1,0,0,0,1,1,1,0,7,1197,2191,0,2
343305547.0,1,0,1,1,0,0,1,1,1,1,0,1,1,0,9,1198,2307,1,3
341102673.0,1,0,0,0,0,1,1,0,1,0,0,1,0,0,5,1199,2374,0,3
1030828729.0,0,1,1,1,0,1,0,1,1,1,0,1,1,1,10,1200,2044,0,1
341531302.0,0,1,1,0,0,0,0,1,1,1,1,1,1,0,8,1201,2261,0,2
340431137.0,1,1,1,1,1,1,0,1,1,0,0,0,0,0,8,1202,2398,0,1
341101429.0,1,1,0,0,0,1,0,1,1,0,0,1,0,0,6,1203,2610,0,3
341088503.0,0,0,1,0,0,1,0,1,0,1,0,0,0,1,5,1204,3000,0,3
341099262.0,1,1,0,0,0,0,1,1,1,1,1,0,1,1,9,1205,2250,0,2
341550893.0,0,1,1,0,0,1,1,1,0,1,1,0,1,0,8,1206,2400,0,1
341617931.0,1,0,0,0,0,0,1,0,1,0,1,1,0,1,6,1207,2909,0,3
1061705937.0,1,1,1,0,0,1,1,1,1,1,0,0,1,1,10,1208,2417,0,3
1098717497.0,0,1,1,1,1,1,0,1,0,0,1,1,1,1,10,1209,2505,0,2
340930845.0,0,1,0,1,1,1,0,0,1,1,0,1,0,1,8,1210,2756,0,2
341086535.0,0,0,0,1,1,0,1,1,0,0,0,0,0,0,4,1211,2296,0,1
341121435.0,1,1,1,0,1,1,0,0,1,0,0,0,1,1,8,1212,2828,0,1
340431653.0,0,0,1,1,0,0,1,1,1,1,0,1,1,0,8,1213,2366,0,2
969976311.0,0,0,0,0,1,1,0,0,0,1,1,1,0,1,6,1214,2520,0,3
969561565.0,1,1,0,1,1,0,0,0,1,0,1,0,0,0,6,1215,2833,0,1
341269700.0,0,0,1,0,0,1,1,0,1,0,0,0,1,1,6,1216,2683,0,2
340431163.0,0,0,0,0,1,1,1,1,1,1,1,1,1,1,10,1217,2377,0,3
340554651.0,1,1,1,0,1,1,1,1,1,1,0,0,0,1,10,1218,2340,0,2
340938595.0,0,1,1,0,1,1,0,0,1,1,0,0,0,0,6,1219,2347,0,1
341631193.0,1,0,1,1,1,1,0,0,0,1,1,1,1,1,10,1220,2986,0,1
970172726.0,1,1,1,1,0,0,0,0,1,0,1,1,0,0,7,1221,2703,0,2
340431148.0,0,0,1,1,0,1,1,1,0,0,1,1,1,1,9,1222,2758,0,2
1109915045.0,1,0,0,0,0,1,1,0,0,0,1,0,1,0,5,1223,2145,0,3
1061706003.0,0,0,1,1,0,0,1,1,1,1,0,1,0,1,8,1224,2084,0,3
340432993.0,0,0,0,1,0,1,1,1,1,1,1,1,0,1,9,1225,2806,0,3
340925309.0,0,0,0,0,1,1,1,1,1,0,1,0,0,0,6,1226,2193,0,3
340429979.0,1,1,0,1,0,0,1,1,0,0,1,1,0,1,8,1227,2405,0,3
1061705934.0,1,0,1,0,1,1,1,0,0,1,0,0,0,1,7,1228,2854,0,3
340432975.0,0,1,0,0,1,1,1,0,1,1,1,0,0,1,8,1229,2747,0,2
340554653.0,0,1,0,1,1,1,0,0,1,0,1,0,1,1,8,1230,2231,0,2
341623819.0,0,1,0,1,1,1,1,1,0,1,0,0,1,0,8,1231,2877,0,1
340554310.0,0,1,0,0,1,0,0,0,1,1,0,0,0,0,4,1232,2380,0,2
13052571.0,1,1,1,0,0,0,1,0,0,1,0,1,1,0,7,1233,2245,0,3
341109208.0,1,0,1,1,0,0,0,1,0,0,0,0,1,1,6,1234,2933,0,2
970038751.0,1,1,0,1,1,1,1,0,0,0,0,1,0,1,8,1235,2505,0,2
954520006.0,0,1,1,1,0,0,0,1,1,0,1,0,1,0,7,1236,2996,0,1
340938565.0,1,0,1,0,1,0,0,0,0,1,0,0,0,1,5,1237,2715,0,3
341105240.0,0,1,1,1,1,1,0,0,0,1,0,0,1,0,7,1238,2601,0,3
341634278.0,0,1,0,0,0,1,0,1,1,0,0,0,0,1,5,1239,2934,0,1
340431168.0,1,1,0,1,0,0,0,1,1,0,1,0,1,1,8,1240,2831,0,2
969973720.0,0,0,1,0,1,1,1,0,1,0,0,1,0,1,7,1241,2195,0,3
969973739.0,1,1,0,0,1,1,0,1,0,1,0,0,1,1,8,1242,2201,0,2
340429993.0,0,1,0,1,1,0,1,0,0,0,1,1,0,0,6,1243,2467,0,2
344328166.0,1,1,1,0,1,1,0,0,1,0,0,0,0,1,7,1244,2819,0,2
969973727.0,0,1,1,1,1,1,1,0,0,1,1,0,1,0,9,1245,2649,0,3
970168930.0,1,1,1,0,0,0,0,0,0,1,0,0,1,1,6,1246,2763,0,2
340926510.0,1,1,0,0,1,0,1,0,0,0,0,1,1,0,6,1247,2802,0,3
344315186.0,1,1,0,1,1,1,1,1,0,1,0,0,1,1,10,1248,2091,0,2
340902046.0,1,0,1,0,1,1,1,1,1,0,0,1,1,0,9,1249,2332,0,2
970038752.0,0,0,1,0,0,1,0,1,0,0,1,0,1,1,6,1250,2526,0,1
970038755.0,0,1,1,1,1,1,1,1,1,1,1,0,1,0,11,1251,2285,0,2
341613284.0,1,1,0,1,1,1,0,0,1,0,0,0,0,1,7,1252,2866,0,1
954519980.0,0,1,1,1,0,1,1,0,1,1,0,0,1,1,9,1253,2951,0,3
1061706013.0,1,0,0,1,1,1,1,1,1,0,1,0,0,1,9,1254,2231,0,2
971299804.0,0,0,1,0,1,0,1,1,1,0,1,1,0,1,8,1255,2396,0,2
340925331.0,1,1,0,1,1,0,0,0,0,0,0,0,1,0,5,1256,2943,0,1
340432919.0,0,0,1,0,1,0,1,0,1,1,0,0,1,1,7,1257,2034,0,3
954519984.0,1,0,0,0,1,1,1,0,1,1,0,1,0,1,8,1258,2303,0,1
1042127521.0,1,1,1,1,0,1,0,1,0,0,0,0,1,0,7,1259,2297,0,3
343313402.0,0,0,0,1,1,0,0,1,1,1,0,0,1,1,7,1260,2726,0,1
948882447.0,0,1,1,0,1,0,1,0,1,1,1,1,1,0,9,1261,2380,0,2
340930848.0,1,0,0,0,1,1,0,0,1,0,1,0,1,0,6,1262,2625,0,3
341100732.0,0,1,1,0,0,1,1,1,1,1,1,1,0,1,10,1263,2255,0,3
340902062.0,0,0,1,1,1,0,0,1,1,0,0,0,1,1,7,1264,2375,0,1
954520007.0,1,0,0,0,1,1,1,0,0,1,0,1,0,1,7,1265,2784,0,3
340888214.0,1,0,0,1,1,1,1,1,0,1,0,1,0,1,9,1266,2407,0,1
340433015.0,0,0,1,0,1,0,0,1,1,1,1,0,0,1,7,1267,2646,0,3
341088094.0,0,1,1,1,0,0,1,1,0,1,1,1,1,0,9,1268,2065,0,1
342243496.0,1,1,0,1,0,0,0,0,1,1,0,1,1,1,8,1269,2102,0,1
343316629.0,1,1,1,1,0,1,1,0,1,0,0,1,1,1,10,1270,2129,0,2
340928556.0,1,0,1,1,0,1,0,1,0,0,1,1,1,1,9,1271,2203,0,3
340432981.0,0,1,0,1,1,1,0,1,0,1,0,0,0,0,6,1272,2152,0,3
340890938.0,1,0,0,1,0,1,0,0,0,1,0,0,0,0,4,1273,2202,0,1
340902069.0,0,0,0,0,0,1,1,1,1,0,0,1,1,0,6,1274,2297,0,2
340432973.0,0,1,0,1,0,0,0,1,1,1,0,0,0,1,6,1275,2382,0,2
340429957.0,0,0,0,0,1,0,0,1,0,0,1,1,1,0,5,1276,2292,0,3
341116367.0,0,0,1,1,0,1,1,0,0,0,1,1,0,1,7,1277,2473,0,3
341098976.0,0,0,1,1,0,1,0,0,0,0,1,0,0,1,5,1278,2955,0,2
341088505.0,0,0,0,1,0,1,0,1,0,0,0,0,0,1,4,1279,2396,0,2
970395648.0,0,0,1,0,1,1,0,1,0,0,0,0,1,0,5,1280,2879,0,3
340431115.0,0,1,0,0,1,0,1,1,1,1,0,1,1,0,8,1281,2082,0,1
340890879.0,0,1,0,0,1,1,0,1,1,0,0,0,0,1,6,1282,2993,0,1
949125517.0,1,1,1,1,0,0,0,1,1,1,0,0,0,1,8,1283,2883,0,3
342044755.0,0,0,0,0,0,1,1,1,1,0,1,1,0,1,7,1284,2289,0,2
977331953.0,0,1,0,1,1,0,0,0,0,1,1,1,0,1,7,1285,2129,0,3
340554309.0,0,1,0,1,0,0,1,1,1,0,1,1,0,1,8,1286,2128,0,2
1098717492.0,1,0,1,1,0,0,1,0,1,1,1,0,1,0,8,1287,2674,0,1
341105250.0,0,1,1,0,0,0,0,1,1,1,0,1,1,1,8,1288,2601,0,2
341125437.0,0,0,0,0,1,0,1,1,1,0,0,1,1,1,7,1289,2476,0,1
970169886.0,1,1,0,0,0,1,0,0,0,1,0,0,0,1,5,1290,2654,0,2
969561545.0,0,0,0,0,0,1,0,1,0,1,0,1,1,1,6,1291,2435,0,2
341088113.0,1,0,0,0,0,0,1,0,0,0,1,1,1,1,6,1292,2208,0,2
344329219.0,0,0,0,1,0,1,0,0,0,1,1,0,1,0,5,1293,2206,0,2
344315141.0,0,1,0,1,0,0,0,1,1,1,1,0,1,0,7,1294,2233,0,2
949125527.0,1,1,0,1,1,1,0,0,1,0,0,0,1,0,7,1295,2469,0,3
341086516.0,1,1,0,0,1,1,0,1,1,0,0,1,0,1,8,1296,2190,0,1
344315118.0,0,0,1,1,0,0,0,0,1,0,0,0,0,0,3,1297,2142,0,1
341631195.0,0,0,1,0,1,1,1,0,1,1,0,0,1,0,7,1298,2844,0,1
344328157.0,0,0,1,0,1,1,1,0,1,1,1,1,0,1,9,1299,2854,0,2
340432992.0,1,0,0,0,0,1,0,1,0,0,1,0,1,1,6,1300,2052,0,1
341544867.0,0,1,1,0,0,0,1,0,1,0,1,1,1,1,8,1301,2808,0,2
341174207.0,0,1,0,1,0,1,1,1,0,1,0,1,0,0,7,1302,2018,0,2
970168927.0,0,0,1,0,0,0,0,0,1,0,1,0,0,0,3,1303,2968,0,3
340432922.0,1,1,0,1,1,0,0,0,0,0,1,1,1,0,7,1304,2027,0,1
340554304.0,1,0,1,1,1,0,1,0,1,0,1,0,0,0,7,1305,2766,0,3
340928567.0,0,0,1,0,0,0,0,0,1,0,0,1,0,1,4,1306,2179,0,2
341088073.0,1,1,1,0,0,1,1,0,1,0,1,0,1,0,8,1307,2477,0,3
340901984.0,1,1,1,1,1,0,0,1,0,0,0,0,0,0,6,1308,2889,0,1
340926513.0,0,0,1,1,1,1,1,1,0,0,0,0,0,1,7,1309,2714,0,3
1061705928.0,1,0,0,1,1,0,1,0,1,1,1,0,1,0,8,1310,2619,0,2
341617934.0,1,1,0,1,0,1,1,1,0,1,0,0,0,0,7,1311,2039,0,1
1061705961.0,1,1,1,1,0,1,0,1,0,0,0,0,1,0,7,1312,2223,0,3
341531301.0,1,0,0,0,1,1,1,0,1,0,0,1,0,1,7,1313,2941,0,2
340902017.0,1,0,0,0,1,0,0,1,0,0,1,1,0,0,5,1314,2145,0,2
343312053.0,0,0,0,0,0,1,1,0,1,0,0,0,0,1,4,1315,2805,0,3
1061705935.0,1,1,0,1,1,1,0,0,1,1,0,1,0,0,8,1316,2342,0,1
1061705997.0,0,1,0,0,1,1,0,0,0,0,1,1,1,1,7,1317,2549,0,2
341100391.0,1,0,0,0,1,1,0,1,1,0,0,0,1,0,6,1318,2121,0,3
343474343.0,0,0,1,1,0,1,1,1,0,1,0,0,0,1,7,1319,2864,0,1
341098981.0,0,1,0,0,0,1,0,0,0,1,0,1,1,1,6,1320,2104,0,1
340432911.0,0,1,1,1,0,0,1,0,0,0,1,0,1,1,7,1321,2865,0,1
340892671.0,1,0,0,1,1,0,0,0,1,0,1,1,0,0,6,1322,2731,0,3
340429965.0,1,1,1,1,0,0,0,0,1,0,0,1,1,0,7,1323,2320,0,3
340432941.0,0,0,1,1,0,0,0,0,0,0,0,0,1,1,4,1324,2656,0,2
972043093.0,0,0,0,0,1,1,1,1,1,0,1,1,0,0,7,1325,2633,0,3
340902019.0,1,0,1,1,1,1,0,1,1,1,1,1,0,0,10,1326,2742,0,2
969561529.0,1,0,0,1,0,1,0,0,0,1,0,1,0,0,5,1327,2890,0,1
966471803.0,0,0,0,1,0,0,0,0,1,1,1,0,1,0,5,1328,2236,0,3
341617935.0,0,0,0,1,1,1,1,1,0,0,0,1,0,1,7,1329,2933,0,2
949125523.0,1,0,0,0,0,1,0,1,1,1,1,0,1,1,8,1330,2591,0,2
341105273.0,1,1,0,1,0,0,1,1,0,1,1,1,0,0,8,1331,2368,0,2
340552930.0,1,0,0,0,1,0,1,1,1,0,1,0,1,0,7,1332,2604,0,1
341537197.0,1,1,0,1,0,0,1,1,0,1,0,1,1,0,8,1333,2656,0,1
341542044.0,0,0,1,1,1,1,1,0,1,1,0,0,0,1,8,1334,2152,0,2
341088079.0,1,1,1,0,0,0,0,1,0,0,0,0,1,0,5,1335,2242,0,1
340928527.0,0,1,1,0,1,0,1,0,1,1,1,1,0,0,8,1336,2651,0,2
1061927280.0,0,0,0,1,0,1,0,1,0,1,1,1,0,0,6,1337,2639,0,1
1061706008.0,1,0,1,0,0,0,1,1,0,1,0,1,1,0,7,1338,2286,0,2
340554301.0,1,1,1,0,0,1,0,1,0,0,0,0,0,0,5,1339,2833,0,1
344328167.0,0,1,0,0,0,1,1,0,0,1,0,0,1,0,5,1340,2545,0,2
340433076.0,0,1,1,1,0,0,1,1,1,0,0,1,0,0,7,1341,2630,0,2
340925322.0,0,0,1,0,0,1,1,0,0,0,0,1,0,0,4,1342,2257,0,3
341387640.0,1,1,1,0,0,1,0,0,0,0,0,0,0,1,5,1343,2142,0,3
340892695.0,0,0,0,0,1,1,1,0,1,1,0,0,0,0,5,1344,2247,0,2
341103358.0,0,1,1,0,0,1,0,0,1,1,0,1,0,1,7,1345,2067,0,3
340467694.0,1,0,1,0,0,0,1,1,1,1,1,1,0,1,9,1346,2164,0,1
971299805.0,1,0,0,1,0,0,0,0,0,1,0,1,1,1,6,1347,2040,0,2
341103369.0,0,0,0,0,0,0,0,1,1,1,0,0,0,1,4,1348,2436,0,1
340938563.0,0,1,0,1,0,0,1,0,0,0,0,1,0,1,5,1349,2898,0,2
341101423.0,0,1,1,1,1,1,1,0,0,1,1,0,0,1,9,1350,2804,0,2
971299802.0,0,1,1,0,1,0,0,0,1,1,0,1,1,0,7,1351,2511,0,2
340938999.0,1,0,1,0,0,1,0,1,0,1,1,0,1,1,8,1352,2541,0,2
341571463.0,1,0,1,0,1,0,0,0,0,1,1,1,1,1,8,1353,2592,0,1
954519971.0,0,1,1,0,1,1,0,0,0,1,0,1,0,1,7,1354,2488,0,3
340939009.0,1,1,1,0,1,1,0,0,0,1,1,0,0,1,8,1355,2967,0,3
1061705982.0,1,1,1,1,0,1,1,1,0,1,1,1,1,0,11,1356,2129,0,1
341088084.0,0,1,1,1,1,0,1,1,1,1,0,0,1,1,10,1357,2624,0,2
1098717495.0,0,1,1,0,1,1,0,0,0,0,0,0,1,0,5,1358,2162,0,1
341105246.0,0,0,0,0,1,1,1,1,1,1,0,0,1,0,7,1359,2474,0,1
340431159.0,1,0,1,1,0,0,1,0,1,0,0,1,1,1,8,1360,2754,0,2
340431144.0,0,0,0,1,0,1,1,1,1,1,0,1,0,1,8,1361,2993,0,3
340431179.0,0,0,1,0,0,1,0,1,0,1,1,1,0,0,6,1362,2028,0,2
344320590.0,0,0,1,0,1,0,0,0,1,0,0,1,1,0,5,1363,2831,0,2
969561534.0,1,0,1,1,1,1,0,0,0,0,1,1,1,1,9,1364,2950,0,1
340938594.0,1,1,1,1,1,1,1,0,1,1,0,1,0,0,10,1365,2815,0,2
340433072.0,1,1,0,1,0,1,1,1,0,0,1,0,0,0,7,1366,2940,0,2
341037756.0,0,1,0,1,0,0,1,1,0,0,0,0,1,0,5,1367,2175,0,2
1061705929.0,0,1,0,0,0,0,0,1,0,0,0,0,0,1,3,1368,2729,0,1
949125511.0,1,0,1,1,0,1,0,1,0,1,1,0,0,1,8,1369,2865,0,3
341105262.0,1,0,0,0,0,1,1,0,1,1,1,1,0,0,7,1370,2969,0,1
340902007.0,0,1,1,0,0,1,0,0,1,1,1,1,1,0,8,1371,2549,0,2
948881410.0,1,0,0,1,0,0,1,1,1,1,1,0,0,1,8,1372,2358,0,2
340930849.0,0,0,1,1,1,0,1,0,0,1,1,1,0,1,8,1373,2802,0,2
341073421.0,0,1,0,0,1,1,1,1,1,0,1,0,1,0,8,1374,2348,0,2
341088083.0,1,0,0,1,1,0,0,0,1,0,1,1,0,1,7,1375,2868,0,1
340432971.0,1,1,1,0,1,1,0,1,1,1,1,1,0,1,11,1376,2783,0,3
1061705930.0,0,1,1,0,0,0,1,0,0,0,1,0,0,1,5,1377,2345,0,1
341088102.0,1,1,0,0,0,1,1,0,0,1,1,0,0,0,6,1378,2950,0,2
1061705970.0,1,1,1,0,1,1,1,1,0,0,0,0,1,0,8,1379,2290,0,2
341105275.0,0,0,0,0,1,1,0,0,1,1,0,0,0,1,5,1380,2597,0,2
954519966.0,0,1,0,1,0,1,0,0,1,1,0,1,0,0,6,1381,2189,0,2
966471791.0,0,0,0,1,0,1,0,1,1,1,0,1,1,1,8,1382,2023,0,1
340909936.0,1,0,1,1,0,0,1,0,1,1,1,1,0,0,8,1383,2252,0,3
340902050.0,0,0,1,0,0,0,0,1,0,0,1,1,1,0,5,1384,2650,0,3
340938521.0,0,0,0,1,1,0,0,1,1,0,1,0,0,1,6,1385,2728,0,3
344315129.0,0,0,0,1,1,0,1,1,1,0,0,0,0,0,5,1386,2366,0,2
969828192.0,0,1,1,1,0,1,1,1,1,1,1,0,0,0,9,1387,2083,0,1
340905830.0,0,1,0,1,1,0,1,1,0,0,1,1,1,1,9,1388,2058,0,2
1098718383.0,1,0,1,0,0,0,0,1,0,1,1,1,0,1,7,1389,2939,0,3
341631184.0,0,0,0,0,0,0,1,1,0,0,1,1,1,1,6,1390,2342,0,1
341102666.0,0,1,1,1,1,1,0,1,0,1,1,0,0,0,8,1391,2005,0,2
340433066.0,0,0,1,0,1,0,0,1,1,0,0,0,1,1,6,1392,2364,0,1
340888208.0,1,0,1,1,1,1,1,1,1,1,0,0,1,0,10,1393,2239,0,3
341086540.0,1,0,0,0,1,1,0,1,1,0,0,1,0,0,6,1394,2176,0,1
340939008.0,1,1,0,0,0,0,1,1,1,1,1,0,1,0,8,1395,2685,0,3
341108735.0,0,0,1,0,0,1,0,1,0,0,0,0,0,1,4,1396,2119,0,3
340938528.0,0,0,0,1,0,0,0,0,0,1,1,0,0,0,3,1397,2935,0,1
340928531.0,0,1,1,1,1,1,0,0,1,1,0,1,0,0,8,1398,2142,0,3
340930855.0,0,0,1,0,1,1,1,1,0,0,1,1,1,0,8,1399,2034,0,3
340432951.0,0,1,0,0,0,0,1,0,1,0,1,1,0,0,5,1400,2779,0,3
341086519.0,1,1,1,0,0,0,0,0,0,0,0,1,1,1,6,1401,2629,0,1
1061706017.0,1,1,1,0,1,0,0,0,0,1,0,0,1,0,6,1402,2744,0,2
340902034.0,0,0,1,1,0,0,1,1,0,0,0,0,0,0,4,1403,2444,0,3
340909947.0,0,0,0,0,0,1,0,1,1,1,1,1,0,1,7,1404,2655,0,3
344315108.0,0,1,0,1,0,1,1,0,1,1,1,1,1,0,9,1405,2118,0,3
340432948.0,0,0,0,0,0,1,1,1,0,1,0,0,0,1,5,1406,2307,0,2
340431103.0,1,0,1,0,1,0,0,1,0,0,1,0,1,0,6,1407,2573,0,1
341108729.0,0,0,1,0,0,0,1,0,0,1,1,1,0,1,6,1408,2134,0,3
341086552.0,0,0,0,0,0,0,1,1,0,0,0,1,0,0,3,1409,2299,0,3
340902067.0,0,0,0,1,0,0,0,1,1,0,0,0,0,0,3,1410,2551,0,1
341081883.0,0,0,1,0,0,0,0,1,1,1,0,0,1,0,5,1411,2530,0,2
341086557.0,1,0,1,1,1,0,1,1,1,1,1,1,0,0,10,1412,2657,0,1
340930860.0,0,0,0,1,1,0,1,0,1,1,0,0,1,0,6,1413,2384,0,2
1061705996.0,0,1,0,1,0,1,0,0,0,1,0,1,1,0,6,1414,2553,0,2
340433025.0,0,1,1,0,1,1,1,0,1,0,0,1,0,0,7,1415,2469,0,3
340938590.0,0,0,1,1,1,0,1,1,0,1,1,1,0,0,8,1416,2821,0,1
1231381271.0,1,0,1,1,1,0,1,1,0,0,1,1,1,0,9,1417,2002,0,3
969973767.0,1,0,0,0,0,1,1,1,1,0,1,1,0,1,8,1418,2731,0,2
340909950.0,0,1,1,1,0,1,1,1,1,0,0,0,1,1,9,1419,2724,0,3
340432982.0,0,1,0,0,1,0,0,0,0,1,1,0,0,1,5,1420,2699,0,1
340430001.0,1,0,1,1,0,0,0,0,0,1,1,0,1,0,6,1421,2442,0,1
340429958.0,1,1,0,0,0,0,0,0,1,1,1,1,0,1,7,1422,2600,0,1
341086536.0,0,0,0,0,0,0,0,0,1,1,0,1,0,0,3,1423,2342,0,1
971299808.0,1,0,0,1,1,0,1,0,1,1,1,1,1,0,9,1424,2153,0,3
341086584.0,0,0,0,1,0,0,0,0,1,1,1,1,0,0,5,1425,2797,0,1
340432923.0,1,0,0,1,1,0,1,1,1,0,1,1,1,0,9,1426,2099,0,2
340431187.0,1,1,0,1,0,0,1,1,1,1,1,1,0,0,9,1427,2369,0,2
341088092.0,1,1,1,0,1,0,1,0,1,0,0,1,1,0,8,1428,2139,0,3
954520014.0,0,1,0,0,1,0,0,0,1,0,0,0,1,1,5,1429,2786,0,3
340928542.0,1,1,0,0,0,0,0,1,0,1,0,0,1,1,6,1430,2499,0,3
340890982.0,0,0,0,1,0,0,1,1,1,1,1,1,0,1,8,1431,2181,0,1
341542051.0,1,1,0,1,0,1,1,0,1,1,0,1,1,0,9,1432,2582,0,2
1061705986.0,1,0,1,0,1,1,0,1,0,1,1,0,0,0,7,1433,2166,0,2
341102665.0,0,1,1,0,1,0,0,1,1,1,1,0,0,1,8,1434,2377,0,3
341105254.0,0,1,1,0,0,0,0,0,1,1,1,1,1,1,8,1435,2411,0,1
340429990.0,1,1,1,1,1,0,0,0,1,1,0,1,1,1,10,1436,2107,0,1
344315137.0,1,0,1,0,1,0,1,0,0,0,0,0,0,1,5,1437,2925,0,1
340431111.0,1,1,1,0,1,1,1,0,0,1,0,0,1,1,9,1438,2196,0,1
341634277.0,0,0,1,0,0,1,0,0,1,1,0,1,0,1,6,1439,2582,0,2
342412611.0,0,0,0,0,1,1,0,1,0,0,1,0,1,0,5,1440,2932,0,3
340892678.0,1,1,1,0,1,1,1,1,0,1,1,1,1,1,12,1441,2826,0,1
341109210.0,0,1,1,0,1,1,0,0,0,0,0,0,0,0,4,1442,2678,0,1
969561532.0,0,1,0,0,1,1,1,1,0,0,1,0,1,1,8,1443,2071,0,2
966471796.0,1,1,0,0,1,1,1,1,0,1,0,0,0,0,7,1444,2370,0,3
340930851.0,1,0,0,1,0,1,0,0,0,0,0,0,0,1,4,1445,2262,0,2
340926524.0,1,1,0,0,1,0,0,1,0,1,0,1,1,0,7,1446,2733,0,1
1061705969.0,1,1,1,1,1,1,1,0,1,0,0,1,1,0,10,1447,2308,0,3
340887999.0,1,0,1,0,1,0,0,1,0,1,1,0,0,0,6,1448,2887,0,2
344315179.0,0,1,0,0,1,1,1,0,1,1,1,0,0,1,8,1449,2272,0,2
341273233.0,0,0,1,1,0,1,0,0,0,1,0,0,1,0,5,1450,2862,0,3
1061705992.0,0,1,0,1,0,0,0,0,0,0,1,0,1,1,5,1451,2016,0,1
344321161.0,0,1,0,1,0,1,0,1,1,1,0,1,1,0,8,1452,2588,0,3
341116369.0,1,1,1,0,0,0,0,1,0,1,0,0,1,0,6,1453,2955,0,3
340892681.0,0,1,1,0,1,0,1,1,0,0,1,0,1,0,7,1454,2205,0,2
971299806.0,0,1,1,0,0,0,1,0,0,0,0,1,1,0,5,1455,2680,0,1
,0,0,1,0,1,0,1,1,0,0,1,0,0,0,5,1456,2211,0,1
,1,0,1,1,0,1,0,1,1,1,1,1,0,1,10,1457,2215,0,1
